id,herramienta,severidad,identificador_tecnico,hallazgo,control_iso27001,objetivo_cobit,tipo_deficiencia,evidencia,estado_revision
S04-0001,Trivy,Critical,CVE-2015-9235,CVE-2015-9235 en jsonwebtoken 0.1.0 · objetivo Node.js,A.8.8 Management of technical vulnerabilities,DSS05.07,No seleccionado; ver PT04_diseno_vs_eficacia.md,20_evidencia/E04_config/trivy_bkimminich_juice-shop_latest.json,Revisado contra criterio PT04
S04-0002,Trivy,Critical,CVE-2015-9235,CVE-2015-9235 en jsonwebtoken 0.4.0 · objetivo Node.js,A.8.8 Management of technical vulnerabilities,DSS05.07,No seleccionado; ver PT04_diseno_vs_eficacia.md,20_evidencia/E04_config/trivy_bkimminich_juice-shop_latest.json,Revisado contra criterio PT04
S04-0003,Trivy,Critical,CVE-2019-10744,CVE-2019-10744 en lodash 2.4.2 · objetivo Node.js,A.8.8 Management of technical vulnerabilities,DSS05.07,No seleccionado; ver PT04_diseno_vs_eficacia.md,20_evidencia/E04_config/trivy_bkimminich_juice-shop_latest.json,Revisado contra criterio PT04
S04-0004,Trivy,Critical,CVE-2023-46233,CVE-2023-46233 en crypto-js 3.3.0 · objetivo Node.js,A.8.8 Management of technical vulnerabilities,DSS05.07,No seleccionado; ver PT04_diseno_vs_eficacia.md,20_evidencia/E04_config/trivy_bkimminich_juice-shop_latest.json,Revisado contra criterio PT04
S04-0005,Trivy,Critical,CVE-2025-68121,CVE-2025-68121 en stdlib v1.24.6 · objetivo usr/local/bin/gosu,A.8.8 Management of technical vulnerabilities,DSS05.07,No seleccionado; ver PT04_diseno_vs_eficacia.md,20_evidencia/E04_config/trivy_mariadb_11.json,Revisado contra criterio PT04
S04-0006,Trivy,Critical,CVE-2025-68121,CVE-2025-68121 en stdlib v1.24.6 · objetivo usr/local/bin/gosu,A.8.8 Management of technical vulnerabilities,DSS05.07,No seleccionado; ver PT04_diseno_vs_eficacia.md,20_evidencia/E04_config/trivy_postgres_16.json,Revisado contra criterio PT04
S04-0007,Trivy,Critical,CVE-2026-59873,CVE-2026-59873 en tar 6.2.1 · objetivo Node.js,A.8.8 Management of technical vulnerabilities,DSS05.07,No seleccionado; ver PT04_diseno_vs_eficacia.md,20_evidencia/E04_config/trivy_bkimminich_juice-shop_latest.json,Revisado contra criterio PT04
S04-0008,Trivy,Critical,CVE-2026-71851,CVE-2026-71851 en crypto-js 3.3.0 · objetivo Node.js,A.8.8 Management of technical vulnerabilities,DSS05.07,No seleccionado; ver PT04_diseno_vs_eficacia.md,20_evidencia/E04_config/trivy_bkimminich_juice-shop_latest.json,Revisado contra criterio PT04
S04-0009,Docker Bench,Alta,CIS Docker,* Container running with root FS mounted R/W: si084_db,A.8.2 Privileged access rights,DSS05.04,No seleccionado; ver PT04_diseno_vs_eficacia.md,20_evidencia/E04_config/docker-bench.log,Revisado contra criterio PT04
S04-0010,Docker Bench,Alta,CIS Docker,* Container running with root FS mounted R/W: si084_dvwa,A.8.2 Privileged access rights,DSS05.04,No seleccionado; ver PT04_diseno_vs_eficacia.md,20_evidencia/E04_config/docker-bench.log,Revisado contra criterio PT04
S04-0011,Docker Bench,Alta,CIS Docker,* Container running with root FS mounted R/W: si084_juiceshop,A.8.2 Privileged access rights,DSS05.04,No seleccionado; ver PT04_diseno_vs_eficacia.md,20_evidencia/E04_config/docker-bench.log,Revisado contra criterio PT04
S04-0012,Docker Bench,Alta,CIS Docker,* Container running with root FS mounted R/W: si084_portal,A.8.2 Privileged access rights,DSS05.04,No seleccionado; ver PT04_diseno_vs_eficacia.md,20_evidencia/E04_config/docker-bench.log,Revisado contra criterio PT04
S04-0013,Docker Bench,Alta,CIS Docker,* Container running with root FS mounted R/W: si084_simplerisk,A.8.2 Privileged access rights,DSS05.04,No seleccionado; ver PT04_diseno_vs_eficacia.md,20_evidencia/E04_config/docker-bench.log,Revisado contra criterio PT04
S04-0014,Docker Bench,Alta,CIS Docker,* Container running with root FS mounted R/W: si084_srdb,A.8.2 Privileged access rights,DSS05.04,No seleccionado; ver PT04_diseno_vs_eficacia.md,20_evidencia/E04_config/docker-bench.log,Revisado contra criterio PT04
S04-0015,Docker Bench,Alta,CIS Docker,* Container running with root FS mounted R/W: si084_wpdb,A.8.2 Privileged access rights,DSS05.04,No seleccionado; ver PT04_diseno_vs_eficacia.md,20_evidencia/E04_config/docker-bench.log,Revisado contra criterio PT04
S04-0016,Docker Bench,Alta,CIS Docker,* Container running without CPU restrictions: si084_db,A.8.9 Configuration management,BAI10.02,No seleccionado; ver PT04_diseno_vs_eficacia.md,20_evidencia/E04_config/docker-bench.log,Revisado contra criterio PT04
S04-0017,Docker Bench,Alta,CIS Docker,* Container running without CPU restrictions: si084_dvwa,A.8.9 Configuration management,BAI10.02,No seleccionado; ver PT04_diseno_vs_eficacia.md,20_evidencia/E04_config/docker-bench.log,Revisado contra criterio PT04
S04-0018,Docker Bench,Alta,CIS Docker,* Container running without CPU restrictions: si084_juiceshop,A.8.9 Configuration management,BAI10.02,No seleccionado; ver PT04_diseno_vs_eficacia.md,20_evidencia/E04_config/docker-bench.log,Revisado contra criterio PT04
S04-0019,Docker Bench,Alta,CIS Docker,* Container running without CPU restrictions: si084_portal,A.8.20 Networks security,DSS05.02,No seleccionado; ver PT04_diseno_vs_eficacia.md,20_evidencia/E04_config/docker-bench.log,Revisado contra criterio PT04
S04-0020,Docker Bench,Alta,CIS Docker,* Container running without CPU restrictions: si084_simplerisk,A.8.9 Configuration management,BAI10.02,No seleccionado; ver PT04_diseno_vs_eficacia.md,20_evidencia/E04_config/docker-bench.log,Revisado contra criterio PT04
S04-0021,Docker Bench,Alta,CIS Docker,* Container running without CPU restrictions: si084_srdb,A.8.9 Configuration management,BAI10.02,No seleccionado; ver PT04_diseno_vs_eficacia.md,20_evidencia/E04_config/docker-bench.log,Revisado contra criterio PT04
S04-0022,Docker Bench,Alta,CIS Docker,* Container running without CPU restrictions: si084_wpdb,A.8.9 Configuration management,BAI10.02,No seleccionado; ver PT04_diseno_vs_eficacia.md,20_evidencia/E04_config/docker-bench.log,Revisado contra criterio PT04
S04-0023,Docker Bench,Alta,CIS Docker,* Container running without memory restrictions: si084_db,A.8.9 Configuration management,BAI10.02,No seleccionado; ver PT04_diseno_vs_eficacia.md,20_evidencia/E04_config/docker-bench.log,Revisado contra criterio PT04
S04-0024,Docker Bench,Alta,CIS Docker,* Container running without memory restrictions: si084_dvwa,A.8.9 Configuration management,BAI10.02,No seleccionado; ver PT04_diseno_vs_eficacia.md,20_evidencia/E04_config/docker-bench.log,Revisado contra criterio PT04
S04-0025,Docker Bench,Alta,CIS Docker,* Container running without memory restrictions: si084_juiceshop,A.8.9 Configuration management,BAI10.02,No seleccionado; ver PT04_diseno_vs_eficacia.md,20_evidencia/E04_config/docker-bench.log,Revisado contra criterio PT04
S04-0026,Docker Bench,Alta,CIS Docker,* Container running without memory restrictions: si084_portal,A.8.20 Networks security,DSS05.02,No seleccionado; ver PT04_diseno_vs_eficacia.md,20_evidencia/E04_config/docker-bench.log,Revisado contra criterio PT04
S04-0027,Docker Bench,Alta,CIS Docker,* Container running without memory restrictions: si084_simplerisk,A.8.9 Configuration management,BAI10.02,No seleccionado; ver PT04_diseno_vs_eficacia.md,20_evidencia/E04_config/docker-bench.log,Revisado contra criterio PT04
S04-0028,Docker Bench,Alta,CIS Docker,* Container running without memory restrictions: si084_srdb,A.8.9 Configuration management,BAI10.02,No seleccionado; ver PT04_diseno_vs_eficacia.md,20_evidencia/E04_config/docker-bench.log,Revisado contra criterio PT04
S04-0029,Docker Bench,Alta,CIS Docker,* Container running without memory restrictions: si084_wpdb,A.8.9 Configuration management,BAI10.02,No seleccionado; ver PT04_diseno_vs_eficacia.md,20_evidencia/E04_config/docker-bench.log,Revisado contra criterio PT04
S04-0030,Docker Bench,Alta,CIS Docker,* Docker daemon currently listening on TCP without TLS,A.8.24 Use of cryptography,DSS05.03,No seleccionado; ver PT04_diseno_vs_eficacia.md,20_evidencia/E04_config/docker-bench.log,Revisado contra criterio PT04
S04-0031,Docker Bench,Alta,CIS Docker,* Health check not set: si084_db,A.8.9 Configuration management,BAI10.02,No seleccionado; ver PT04_diseno_vs_eficacia.md,20_evidencia/E04_config/docker-bench.log,Revisado contra criterio PT04
S04-0032,Docker Bench,Alta,CIS Docker,* Health check not set: si084_dvwa,A.8.9 Configuration management,BAI10.02,No seleccionado; ver PT04_diseno_vs_eficacia.md,20_evidencia/E04_config/docker-bench.log,Revisado contra criterio PT04
S04-0033,Docker Bench,Alta,CIS Docker,* Health check not set: si084_juiceshop,A.8.9 Configuration management,BAI10.02,No seleccionado; ver PT04_diseno_vs_eficacia.md,20_evidencia/E04_config/docker-bench.log,Revisado contra criterio PT04
S04-0034,Docker Bench,Alta,CIS Docker,* Health check not set: si084_portal,A.8.20 Networks security,DSS05.02,No seleccionado; ver PT04_diseno_vs_eficacia.md,20_evidencia/E04_config/docker-bench.log,Revisado contra criterio PT04
S04-0035,Docker Bench,Alta,CIS Docker,* Health check not set: si084_srdb,A.8.9 Configuration management,BAI10.02,No seleccionado; ver PT04_diseno_vs_eficacia.md,20_evidencia/E04_config/docker-bench.log,Revisado contra criterio PT04
S04-0036,Docker Bench,Alta,CIS Docker,* Health check not set: si084_wpdb,A.8.9 Configuration management,BAI10.02,No seleccionado; ver PT04_diseno_vs_eficacia.md,20_evidencia/E04_config/docker-bench.log,Revisado contra criterio PT04
S04-0037,Docker Bench,Alta,CIS Docker,* MaximumRetryCount is not set to 5: si084_db,A.8.9 Configuration management,BAI10.02,No seleccionado; ver PT04_diseno_vs_eficacia.md,20_evidencia/E04_config/docker-bench.log,Revisado contra criterio PT04
S04-0038,Docker Bench,Alta,CIS Docker,* MaximumRetryCount is not set to 5: si084_dvwa,A.8.9 Configuration management,BAI10.02,No seleccionado; ver PT04_diseno_vs_eficacia.md,20_evidencia/E04_config/docker-bench.log,Revisado contra criterio PT04
S04-0039,Docker Bench,Alta,CIS Docker,* MaximumRetryCount is not set to 5: si084_juiceshop,A.8.9 Configuration management,BAI10.02,No seleccionado; ver PT04_diseno_vs_eficacia.md,20_evidencia/E04_config/docker-bench.log,Revisado contra criterio PT04
S04-0040,Docker Bench,Alta,CIS Docker,* MaximumRetryCount is not set to 5: si084_portal,A.8.20 Networks security,DSS05.02,No seleccionado; ver PT04_diseno_vs_eficacia.md,20_evidencia/E04_config/docker-bench.log,Revisado contra criterio PT04
S04-0041,Docker Bench,Alta,CIS Docker,* MaximumRetryCount is not set to 5: si084_simplerisk,A.8.9 Configuration management,BAI10.02,No seleccionado; ver PT04_diseno_vs_eficacia.md,20_evidencia/E04_config/docker-bench.log,Revisado contra criterio PT04
S04-0042,Docker Bench,Alta,CIS Docker,* MaximumRetryCount is not set to 5: si084_srdb,A.8.9 Configuration management,BAI10.02,No seleccionado; ver PT04_diseno_vs_eficacia.md,20_evidencia/E04_config/docker-bench.log,Revisado contra criterio PT04
S04-0043,Docker Bench,Alta,CIS Docker,* MaximumRetryCount is not set to 5: si084_wpdb,A.8.9 Configuration management,BAI10.02,No seleccionado; ver PT04_diseno_vs_eficacia.md,20_evidencia/E04_config/docker-bench.log,Revisado contra criterio PT04
S04-0044,Docker Bench,Alta,CIS Docker,* No AppArmorProfile Found: si084_db,A.8.9 Configuration management,BAI10.02,No seleccionado; ver PT04_diseno_vs_eficacia.md,20_evidencia/E04_config/docker-bench.log,Revisado contra criterio PT04
S04-0045,Docker Bench,Alta,CIS Docker,* No AppArmorProfile Found: si084_dvwa,A.8.9 Configuration management,BAI10.02,No seleccionado; ver PT04_diseno_vs_eficacia.md,20_evidencia/E04_config/docker-bench.log,Revisado contra criterio PT04
S04-0046,Docker Bench,Alta,CIS Docker,* No AppArmorProfile Found: si084_juiceshop,A.8.9 Configuration management,BAI10.02,No seleccionado; ver PT04_diseno_vs_eficacia.md,20_evidencia/E04_config/docker-bench.log,Revisado contra criterio PT04
S04-0047,Docker Bench,Alta,CIS Docker,* No AppArmorProfile Found: si084_portal,A.8.20 Networks security,DSS05.02,No seleccionado; ver PT04_diseno_vs_eficacia.md,20_evidencia/E04_config/docker-bench.log,Revisado contra criterio PT04
S04-0048,Docker Bench,Alta,CIS Docker,* No AppArmorProfile Found: si084_simplerisk,A.8.9 Configuration management,BAI10.02,No seleccionado; ver PT04_diseno_vs_eficacia.md,20_evidencia/E04_config/docker-bench.log,Revisado contra criterio PT04
S04-0049,Docker Bench,Alta,CIS Docker,* No AppArmorProfile Found: si084_srdb,A.8.9 Configuration management,BAI10.02,No seleccionado; ver PT04_diseno_vs_eficacia.md,20_evidencia/E04_config/docker-bench.log,Revisado contra criterio PT04
S04-0050,Docker Bench,Alta,CIS Docker,* No AppArmorProfile Found: si084_wpdb,A.8.9 Configuration management,BAI10.02,No seleccionado; ver PT04_diseno_vs_eficacia.md,20_evidencia/E04_config/docker-bench.log,Revisado contra criterio PT04
S04-0051,Docker Bench,Alta,CIS Docker,* No Healthcheck found: [[IMAGEN_PRIVADA_REDACTADA]],A.8.6 Capacity management,BAI04.01,No seleccionado; ver PT04_diseno_vs_eficacia.md,20_evidencia/E04_config/docker-bench.log,Revisado contra criterio PT04
S04-0052,Docker Bench,Alta,CIS Docker,* No Healthcheck found: [bkimminich/juice-shop:latest],A.8.6 Capacity management,BAI04.01,No seleccionado; ver PT04_diseno_vs_eficacia.md,20_evidencia/E04_config/docker-bench.log,Revisado contra criterio PT04
S04-0053,Docker Bench,Alta,CIS Docker,* No Healthcheck found: [mariadb:11],A.8.6 Capacity management,BAI04.01,No seleccionado; ver PT04_diseno_vs_eficacia.md,20_evidencia/E04_config/docker-bench.log,Revisado contra criterio PT04
S04-0054,Docker Bench,Alta,CIS Docker,* No Healthcheck found: [mcr.microsoft.com/mssql/server:2022-latest],A.8.6 Capacity management,BAI04.01,No seleccionado; ver PT04_diseno_vs_eficacia.md,20_evidencia/E04_config/docker-bench.log,Revisado contra criterio PT04
S04-0055,Docker Bench,Alta,CIS Docker,* No Healthcheck found: [postgres:15],A.8.6 Capacity management,BAI04.01,No seleccionado; ver PT04_diseno_vs_eficacia.md,20_evidencia/E04_config/docker-bench.log,Revisado contra criterio PT04
S04-0056,Docker Bench,Alta,CIS Docker,* No Healthcheck found: [postgres:16],A.8.6 Capacity management,BAI04.01,No seleccionado; ver PT04_diseno_vs_eficacia.md,20_evidencia/E04_config/docker-bench.log,Revisado contra criterio PT04
S04-0057,Docker Bench,Alta,CIS Docker,* No Healthcheck found: [projectdiscovery/nuclei:latest],A.8.6 Capacity management,BAI04.01,No seleccionado; ver PT04_diseno_vs_eficacia.md,20_evidencia/E04_config/docker-bench.log,Revisado contra criterio PT04
S04-0058,Docker Bench,Alta,CIS Docker,* No Healthcheck found: [si084/lynis:official],A.8.6 Capacity management,BAI04.01,No seleccionado; ver PT04_diseno_vs_eficacia.md,20_evidencia/E04_config/docker-bench.log,Revisado contra criterio PT04
S04-0059,Docker Bench,Alta,CIS Docker,* No Healthcheck found: [ubuntu:22.04],A.8.6 Capacity management,BAI04.01,No seleccionado; ver PT04_diseno_vs_eficacia.md,20_evidencia/E04_config/docker-bench.log,Revisado contra criterio PT04
S04-0060,Docker Bench,Alta,CIS Docker,* No Healthcheck found: [vulnerables/web-dvwa:latest],A.8.8 Management of technical vulnerabilities,DSS05.07,No seleccionado; ver PT04_diseno_vs_eficacia.md,20_evidencia/E04_config/docker-bench.log,Revisado contra criterio PT04
S04-0061,Docker Bench,Alta,CIS Docker,* No Healthcheck found: [wordpress:latest],A.8.6 Capacity management,BAI04.01,No seleccionado; ver PT04_diseno_vs_eficacia.md,20_evidencia/E04_config/docker-bench.log,Revisado contra criterio PT04
S04-0062,Docker Bench,Alta,CIS Docker,* No SecurityOptions Found: si084_db,A.8.9 Configuration management,BAI10.02,No seleccionado; ver PT04_diseno_vs_eficacia.md,20_evidencia/E04_config/docker-bench.log,Revisado contra criterio PT04
S04-0063,Docker Bench,Alta,CIS Docker,* No SecurityOptions Found: si084_dvwa,A.8.9 Configuration management,BAI10.02,No seleccionado; ver PT04_diseno_vs_eficacia.md,20_evidencia/E04_config/docker-bench.log,Revisado contra criterio PT04
S04-0064,Docker Bench,Alta,CIS Docker,* No SecurityOptions Found: si084_juiceshop,A.8.9 Configuration management,BAI10.02,No seleccionado; ver PT04_diseno_vs_eficacia.md,20_evidencia/E04_config/docker-bench.log,Revisado contra criterio PT04
S04-0065,Docker Bench,Alta,CIS Docker,* No SecurityOptions Found: si084_portal,A.8.20 Networks security,DSS05.02,No seleccionado; ver PT04_diseno_vs_eficacia.md,20_evidencia/E04_config/docker-bench.log,Revisado contra criterio PT04
S04-0066,Docker Bench,Alta,CIS Docker,* No SecurityOptions Found: si084_simplerisk,A.8.9 Configuration management,BAI10.02,No seleccionado; ver PT04_diseno_vs_eficacia.md,20_evidencia/E04_config/docker-bench.log,Revisado contra criterio PT04
S04-0067,Docker Bench,Alta,CIS Docker,* No SecurityOptions Found: si084_srdb,A.8.9 Configuration management,BAI10.02,No seleccionado; ver PT04_diseno_vs_eficacia.md,20_evidencia/E04_config/docker-bench.log,Revisado contra criterio PT04
S04-0068,Docker Bench,Alta,CIS Docker,* No SecurityOptions Found: si084_wpdb,A.8.9 Configuration management,BAI10.02,No seleccionado; ver PT04_diseno_vs_eficacia.md,20_evidencia/E04_config/docker-bench.log,Revisado contra criterio PT04
S04-0069,Docker Bench,Alta,CIS Docker,* PIDs limit not set: si084_db,A.8.9 Configuration management,BAI10.02,No seleccionado; ver PT04_diseno_vs_eficacia.md,20_evidencia/E04_config/docker-bench.log,Revisado contra criterio PT04
S04-0070,Docker Bench,Alta,CIS Docker,* PIDs limit not set: si084_dvwa,A.8.9 Configuration management,BAI10.02,No seleccionado; ver PT04_diseno_vs_eficacia.md,20_evidencia/E04_config/docker-bench.log,Revisado contra criterio PT04
S04-0071,Docker Bench,Alta,CIS Docker,* PIDs limit not set: si084_juiceshop,A.8.9 Configuration management,BAI10.02,No seleccionado; ver PT04_diseno_vs_eficacia.md,20_evidencia/E04_config/docker-bench.log,Revisado contra criterio PT04
S04-0072,Docker Bench,Alta,CIS Docker,* PIDs limit not set: si084_portal,A.8.20 Networks security,DSS05.02,No seleccionado; ver PT04_diseno_vs_eficacia.md,20_evidencia/E04_config/docker-bench.log,Revisado contra criterio PT04
S04-0073,Docker Bench,Alta,CIS Docker,* PIDs limit not set: si084_simplerisk,A.8.9 Configuration management,BAI10.02,No seleccionado; ver PT04_diseno_vs_eficacia.md,20_evidencia/E04_config/docker-bench.log,Revisado contra criterio PT04
S04-0074,Docker Bench,Alta,CIS Docker,* PIDs limit not set: si084_srdb,A.8.9 Configuration management,BAI10.02,No seleccionado; ver PT04_diseno_vs_eficacia.md,20_evidencia/E04_config/docker-bench.log,Revisado contra criterio PT04
S04-0075,Docker Bench,Alta,CIS Docker,* PIDs limit not set: si084_wpdb,A.8.9 Configuration management,BAI10.02,No seleccionado; ver PT04_diseno_vs_eficacia.md,20_evidencia/E04_config/docker-bench.log,Revisado contra criterio PT04
S04-0076,Docker Bench,Alta,CIS Docker,* Privileges not restricted: si084_db,A.8.2 Privileged access rights,DSS05.04,No seleccionado; ver PT04_diseno_vs_eficacia.md,20_evidencia/E04_config/docker-bench.log,Revisado contra criterio PT04
S04-0077,Docker Bench,Alta,CIS Docker,* Privileges not restricted: si084_dvwa,A.8.2 Privileged access rights,DSS05.04,No seleccionado; ver PT04_diseno_vs_eficacia.md,20_evidencia/E04_config/docker-bench.log,Revisado contra criterio PT04
S04-0078,Docker Bench,Alta,CIS Docker,* Privileges not restricted: si084_juiceshop,A.8.2 Privileged access rights,DSS05.04,No seleccionado; ver PT04_diseno_vs_eficacia.md,20_evidencia/E04_config/docker-bench.log,Revisado contra criterio PT04
S04-0079,Docker Bench,Alta,CIS Docker,* Privileges not restricted: si084_portal,A.8.2 Privileged access rights,DSS05.04,No seleccionado; ver PT04_diseno_vs_eficacia.md,20_evidencia/E04_config/docker-bench.log,Revisado contra criterio PT04
S04-0080,Docker Bench,Alta,CIS Docker,* Privileges not restricted: si084_simplerisk,A.8.2 Privileged access rights,DSS05.04,No seleccionado; ver PT04_diseno_vs_eficacia.md,20_evidencia/E04_config/docker-bench.log,Revisado contra criterio PT04
S04-0081,Docker Bench,Alta,CIS Docker,* Privileges not restricted: si084_srdb,A.8.2 Privileged access rights,DSS05.04,No seleccionado; ver PT04_diseno_vs_eficacia.md,20_evidencia/E04_config/docker-bench.log,Revisado contra criterio PT04
S04-0082,Docker Bench,Alta,CIS Docker,* Privileges not restricted: si084_wpdb,A.8.2 Privileged access rights,DSS05.04,No seleccionado; ver PT04_diseno_vs_eficacia.md,20_evidencia/E04_config/docker-bench.log,Revisado contra criterio PT04
S04-0083,Docker Bench,Alta,CIS Docker,* Running as root: si084_db,A.8.2 Privileged access rights,DSS05.04,No seleccionado; ver PT04_diseno_vs_eficacia.md,20_evidencia/E04_config/docker-bench.log,Revisado contra criterio PT04
S04-0084,Docker Bench,Alta,CIS Docker,* Running as root: si084_dvwa,A.8.2 Privileged access rights,DSS05.04,No seleccionado; ver PT04_diseno_vs_eficacia.md,20_evidencia/E04_config/docker-bench.log,Revisado contra criterio PT04
S04-0085,Docker Bench,Alta,CIS Docker,* Running as root: si084_portal,A.8.2 Privileged access rights,DSS05.04,No seleccionado; ver PT04_diseno_vs_eficacia.md,20_evidencia/E04_config/docker-bench.log,Revisado contra criterio PT04
S04-0086,Docker Bench,Alta,CIS Docker,* Running as root: si084_simplerisk,A.8.2 Privileged access rights,DSS05.04,No seleccionado; ver PT04_diseno_vs_eficacia.md,20_evidencia/E04_config/docker-bench.log,Revisado contra criterio PT04
S04-0087,Docker Bench,Alta,CIS Docker,* Running as root: si084_srdb,A.8.2 Privileged access rights,DSS05.04,No seleccionado; ver PT04_diseno_vs_eficacia.md,20_evidencia/E04_config/docker-bench.log,Revisado contra criterio PT04
S04-0088,Docker Bench,Alta,CIS Docker,* Running as root: si084_wpdb,A.8.2 Privileged access rights,DSS05.04,No seleccionado; ver PT04_diseno_vs_eficacia.md,20_evidencia/E04_config/docker-bench.log,Revisado contra criterio PT04
S04-0089,Docker Bench,Alta,CIS Docker,* Wrong ownership for /var/run/docker.sock,A.8.2 Privileged access rights,DSS05.04,No seleccionado; ver PT04_diseno_vs_eficacia.md,20_evidencia/E04_config/docker-bench.log,Revisado contra criterio PT04
S04-0090,Docker Bench,Alta,CIS Docker 1.1,1.1 - Ensure a separate partition for containers has been created,A.8.9 Configuration management,BAI10.02,No seleccionado; ver PT04_diseno_vs_eficacia.md,20_evidencia/E04_config/docker-bench.log,Revisado contra criterio PT04
S04-0091,Docker Bench,Alta,CIS Docker 1.5,1.5 - Ensure auditing is configured for the Docker daemon,A.8.15 Logging,DSS01.03,No seleccionado; ver PT04_diseno_vs_eficacia.md,20_evidencia/E04_config/docker-bench.log,Revisado contra criterio PT04
S04-0092,Docker Bench,Alta,CIS Docker 1.6,1.6 - Ensure auditing is configured for Docker files and directories - /var/lib/docker,A.8.15 Logging,DSS01.03,No seleccionado; ver PT04_diseno_vs_eficacia.md,20_evidencia/E04_config/docker-bench.log,Revisado contra criterio PT04
S04-0093,Docker Bench,Alta,CIS Docker 2.1,2.1 - Ensure network traffic is restricted between containers on the default bridge,A.8.20 Networks security,DSS05.02,No seleccionado; ver PT04_diseno_vs_eficacia.md,20_evidencia/E04_config/docker-bench.log,Revisado contra criterio PT04
S04-0094,Docker Bench,Alta,CIS Docker 2.11,2.11 - Ensure that authorization for Docker client commands is enabled,A.8.9 Configuration management,BAI10.02,No seleccionado; ver PT04_diseno_vs_eficacia.md,20_evidencia/E04_config/docker-bench.log,Revisado contra criterio PT04
S04-0095,Docker Bench,Alta,CIS Docker 2.12,2.12 - Ensure centralized and remote logging is configured,A.8.15 Logging,DSS01.03,No seleccionado; ver PT04_diseno_vs_eficacia.md,20_evidencia/E04_config/docker-bench.log,Revisado contra criterio PT04
S04-0096,Docker Bench,Alta,CIS Docker 2.14,2.14 - Ensure live restore is Enabled,A.8.13 Information backup,DSS04.07,No seleccionado; ver PT04_diseno_vs_eficacia.md,20_evidencia/E04_config/docker-bench.log,Revisado contra criterio PT04
S04-0097,Docker Bench,Alta,CIS Docker 2.15,2.15 - Ensure Userland Proxy is Disabled,A.8.9 Configuration management,BAI10.02,No seleccionado; ver PT04_diseno_vs_eficacia.md,20_evidencia/E04_config/docker-bench.log,Revisado contra criterio PT04
S04-0098,Docker Bench,Alta,CIS Docker 2.18,2.18 - Ensure containers are restricted from acquiring new privileges,A.8.2 Privileged access rights,DSS05.04,No seleccionado; ver PT04_diseno_vs_eficacia.md,20_evidencia/E04_config/docker-bench.log,Revisado contra criterio PT04
S04-0099,Docker Bench,Alta,CIS Docker 2.6,2.6 - Ensure TLS authentication for Docker daemon is configured,A.5.17 Authentication information,DSS05.04,No seleccionado; ver PT04_diseno_vs_eficacia.md,20_evidencia/E04_config/docker-bench.log,Revisado contra criterio PT04
S04-0100,Docker Bench,Alta,CIS Docker 2.8,2.8 - Enable user namespace support,A.8.2 Privileged access rights,DSS05.04,No seleccionado; ver PT04_diseno_vs_eficacia.md,20_evidencia/E04_config/docker-bench.log,Revisado contra criterio PT04
S04-0101,Docker Bench,Alta,CIS Docker 3.15,3.15 - Ensure that Docker socket file ownership is set to root:docker,A.8.2 Privileged access rights,DSS05.04,No seleccionado; ver PT04_diseno_vs_eficacia.md,20_evidencia/E04_config/docker-bench.log,Revisado contra criterio PT04
S04-0102,Docker Bench,Alta,CIS Docker 4.1,4.1 - Ensure a user for the container has been created,A.8.9 Configuration management,BAI10.02,No seleccionado; ver PT04_diseno_vs_eficacia.md,20_evidencia/E04_config/docker-bench.log,Revisado contra criterio PT04
S04-0103,Docker Bench,Alta,CIS Docker 4.5,4.5 - Ensure Content trust for Docker is Enabled,A.8.9 Configuration management,BAI10.02,No seleccionado; ver PT04_diseno_vs_eficacia.md,20_evidencia/E04_config/docker-bench.log,Revisado contra criterio PT04
S04-0104,Docker Bench,Alta,CIS Docker 4.6,4.6 - Ensure HEALTHCHECK instructions have been added to the container image,A.8.6 Capacity management,BAI04.01,No seleccionado; ver PT04_diseno_vs_eficacia.md,20_evidencia/E04_config/docker-bench.log,Revisado contra criterio PT04
S04-0105,Docker Bench,Alta,CIS Docker 5.1,5.1 - Ensure AppArmor Profile is Enabled,A.8.9 Configuration management,BAI10.02,No seleccionado; ver PT04_diseno_vs_eficacia.md,20_evidencia/E04_config/docker-bench.log,Revisado contra criterio PT04
S04-0106,Docker Bench,Alta,CIS Docker 5.10,5.10 - Ensure memory usage for container is limited,A.8.9 Configuration management,BAI10.02,Diseño,20_evidencia/E04_config/docker-bench.log,Revisado contra criterio PT04
S04-0107,Docker Bench,Alta,CIS Docker 5.11,5.11 - Ensure CPU priority is set appropriately on the container,A.8.9 Configuration management,BAI10.02,Diseño,20_evidencia/E04_config/docker-bench.log,Revisado contra criterio PT04
S04-0108,Docker Bench,Alta,CIS Docker 5.12,5.12 - Ensure the container's root filesystem is mounted as read only,A.8.2 Privileged access rights,DSS05.04,No seleccionado; ver PT04_diseno_vs_eficacia.md,20_evidencia/E04_config/docker-bench.log,Revisado contra criterio PT04
S04-0109,Docker Bench,Alta,CIS Docker 5.14,5.14 - Ensure 'on-failure' container restart policy is set to '5',A.8.6 Capacity management,BAI04.01,No seleccionado; ver PT04_diseno_vs_eficacia.md,20_evidencia/E04_config/docker-bench.log,Revisado contra criterio PT04
S04-0110,Docker Bench,Alta,CIS Docker 5.2,"5.2 - Ensure SELinux security options are set, if applicable",A.8.9 Configuration management,BAI10.02,No seleccionado; ver PT04_diseno_vs_eficacia.md,20_evidencia/E04_config/docker-bench.log,Revisado contra criterio PT04
S04-0111,Docker Bench,Alta,CIS Docker 5.25,5.25 - Ensure the container is restricted from acquiring additional privileges,A.8.2 Privileged access rights,DSS05.04,No seleccionado; ver PT04_diseno_vs_eficacia.md,20_evidencia/E04_config/docker-bench.log,Revisado contra criterio PT04
S04-0112,Docker Bench,Alta,CIS Docker 5.26,5.26 - Ensure container health is checked at runtime,A.8.9 Configuration management,BAI10.02,Diseño,20_evidencia/E04_config/docker-bench.log,Revisado contra criterio PT04
S04-0113,Docker Bench,Alta,CIS Docker 5.28,5.28 - Ensure PIDs cgroup limit is used,A.8.9 Configuration management,BAI10.02,Diseño,20_evidencia/E04_config/docker-bench.log,Revisado contra criterio PT04
S04-0114,Trivy,High,CVE-2016-1000223,CVE-2016-1000223 en jws 0.2.6 · objetivo Node.js,A.8.8 Management of technical vulnerabilities,DSS05.07,No seleccionado; ver PT04_diseno_vs_eficacia.md,20_evidencia/E04_config/trivy_bkimminich_juice-shop_latest.json,Revisado contra criterio PT04
S04-0115,Trivy,High,CVE-2017-18214,CVE-2017-18214 en moment 2.0.0 · objetivo Node.js,A.8.8 Management of technical vulnerabilities,DSS05.07,No seleccionado; ver PT04_diseno_vs_eficacia.md,20_evidencia/E04_config/trivy_bkimminich_juice-shop_latest.json,Revisado contra criterio PT04
S04-0116,Trivy,High,CVE-2018-16487,CVE-2018-16487 en lodash 2.4.2 · objetivo Node.js,A.8.8 Management of technical vulnerabilities,DSS05.07,No seleccionado; ver PT04_diseno_vs_eficacia.md,20_evidencia/E04_config/trivy_bkimminich_juice-shop_latest.json,Revisado contra criterio PT04
S04-0117,Trivy,High,CVE-2020-15084,CVE-2020-15084 en express-jwt 0.1.3 · objetivo Node.js,A.8.8 Management of technical vulnerabilities,DSS05.07,No seleccionado; ver PT04_diseno_vs_eficacia.md,20_evidencia/E04_config/trivy_bkimminich_juice-shop_latest.json,Revisado contra criterio PT04
S04-0118,Trivy,High,CVE-2021-23337,CVE-2021-23337 en lodash 2.4.2 · objetivo Node.js,A.8.8 Management of technical vulnerabilities,DSS05.07,No seleccionado; ver PT04_diseno_vs_eficacia.md,20_evidencia/E04_config/trivy_bkimminich_juice-shop_latest.json,Revisado contra criterio PT04
S04-0119,Trivy,High,CVE-2022-23539,CVE-2022-23539 en jsonwebtoken 0.1.0 · objetivo Node.js,A.8.8 Management of technical vulnerabilities,DSS05.07,No seleccionado; ver PT04_diseno_vs_eficacia.md,20_evidencia/E04_config/trivy_bkimminich_juice-shop_latest.json,Revisado contra criterio PT04
S04-0120,Trivy,High,CVE-2022-23539,CVE-2022-23539 en jsonwebtoken 0.4.0 · objetivo Node.js,A.8.8 Management of technical vulnerabilities,DSS05.07,No seleccionado; ver PT04_diseno_vs_eficacia.md,20_evidencia/E04_config/trivy_bkimminich_juice-shop_latest.json,Revisado contra criterio PT04
S04-0121,Trivy,High,CVE-2022-24785,CVE-2022-24785 en moment 2.0.0 · objetivo Node.js,A.8.8 Management of technical vulnerabilities,DSS05.07,No seleccionado; ver PT04_diseno_vs_eficacia.md,20_evidencia/E04_config/trivy_bkimminich_juice-shop_latest.json,Revisado contra criterio PT04
S04-0122,Trivy,High,CVE-2022-25881,CVE-2022-25881 en http-cache-semantics 3.8.1 · objetivo Node.js,A.8.8 Management of technical vulnerabilities,DSS05.07,No seleccionado; ver PT04_diseno_vs_eficacia.md,20_evidencia/E04_config/trivy_bkimminich_juice-shop_latest.json,Revisado contra criterio PT04
S04-0123,Trivy,High,CVE-2022-25887,CVE-2022-25887 en sanitize-html 1.4.2 · objetivo Node.js,A.8.8 Management of technical vulnerabilities,DSS05.07,No seleccionado; ver PT04_diseno_vs_eficacia.md,20_evidencia/E04_config/trivy_bkimminich_juice-shop_latest.json,Revisado contra criterio PT04
S04-0124,Trivy,High,CVE-2024-37890,CVE-2024-37890 en ws 7.4.6 · objetivo Node.js,A.8.8 Management of technical vulnerabilities,DSS05.07,No seleccionado; ver PT04_diseno_vs_eficacia.md,20_evidencia/E04_config/trivy_bkimminich_juice-shop_latest.json,Revisado contra criterio PT04
S04-0125,Trivy,High,CVE-2025-47935,CVE-2025-47935 en multer 1.4.5-lts.2 · objetivo Node.js,A.8.8 Management of technical vulnerabilities,DSS05.07,No seleccionado; ver PT04_diseno_vs_eficacia.md,20_evidencia/E04_config/trivy_bkimminich_juice-shop_latest.json,Revisado contra criterio PT04
S04-0126,Trivy,High,CVE-2025-47944,CVE-2025-47944 en multer 1.4.5-lts.2 · objetivo Node.js,A.8.8 Management of technical vulnerabilities,DSS05.07,No seleccionado; ver PT04_diseno_vs_eficacia.md,20_evidencia/E04_config/trivy_bkimminich_juice-shop_latest.json,Revisado contra criterio PT04
S04-0127,Trivy,High,CVE-2025-48997,CVE-2025-48997 en multer 1.4.5-lts.2 · objetivo Node.js,A.8.8 Management of technical vulnerabilities,DSS05.07,No seleccionado; ver PT04_diseno_vs_eficacia.md,20_evidencia/E04_config/trivy_bkimminich_juice-shop_latest.json,Revisado contra criterio PT04
S04-0128,Trivy,High,CVE-2025-61726,CVE-2025-61726 en stdlib v1.24.6 · objetivo usr/local/bin/gosu,A.8.8 Management of technical vulnerabilities,DSS05.07,No seleccionado; ver PT04_diseno_vs_eficacia.md,20_evidencia/E04_config/trivy_mariadb_11.json,Revisado contra criterio PT04
S04-0129,Trivy,High,CVE-2025-61726,CVE-2025-61726 en stdlib v1.24.6 · objetivo usr/local/bin/gosu,A.8.8 Management of technical vulnerabilities,DSS05.07,No seleccionado; ver PT04_diseno_vs_eficacia.md,20_evidencia/E04_config/trivy_postgres_16.json,Revisado contra criterio PT04
S04-0130,Trivy,High,CVE-2025-61729,CVE-2025-61729 en stdlib v1.24.6 · objetivo usr/local/bin/gosu,A.8.8 Management of technical vulnerabilities,DSS05.07,No seleccionado; ver PT04_diseno_vs_eficacia.md,20_evidencia/E04_config/trivy_mariadb_11.json,Revisado contra criterio PT04
S04-0131,Trivy,High,CVE-2025-61729,CVE-2025-61729 en stdlib v1.24.6 · objetivo usr/local/bin/gosu,A.8.8 Management of technical vulnerabilities,DSS05.07,No seleccionado; ver PT04_diseno_vs_eficacia.md,20_evidencia/E04_config/trivy_postgres_16.json,Revisado contra criterio PT04
S04-0132,Trivy,High,CVE-2025-65945,CVE-2025-65945 en jws 0.2.6 · objetivo Node.js,A.8.8 Management of technical vulnerabilities,DSS05.07,No seleccionado; ver PT04_diseno_vs_eficacia.md,20_evidencia/E04_config/trivy_bkimminich_juice-shop_latest.json,Revisado contra criterio PT04
S04-0133,Trivy,High,CVE-2025-7338,CVE-2025-7338 en multer 1.4.5-lts.2 · objetivo Node.js,A.8.8 Management of technical vulnerabilities,DSS05.07,No seleccionado; ver PT04_diseno_vs_eficacia.md,20_evidencia/E04_config/trivy_bkimminich_juice-shop_latest.json,Revisado contra criterio PT04
S04-0134,Trivy,High,CVE-2026-12151,CVE-2026-12151 en undici 5.29.0 · objetivo Node.js,A.8.8 Management of technical vulnerabilities,DSS05.07,No seleccionado; ver PT04_diseno_vs_eficacia.md,20_evidencia/E04_config/trivy_bkimminich_juice-shop_latest.json,Revisado contra criterio PT04
S04-0135,Trivy,High,CVE-2026-14456,CVE-2026-14456 en libssl3t64 3.5.6-1~deb13u2 · objetivo bkimminich/juice-shop:latest (debian 13.6),A.8.8 Management of technical vulnerabilities,DSS05.07,No seleccionado; ver PT04_diseno_vs_eficacia.md,20_evidencia/E04_config/trivy_bkimminich_juice-shop_latest.json,Revisado contra criterio PT04
S04-0136,Trivy,High,CVE-2026-14456,CVE-2026-14456 en libssl3t64 3.5.6-1~deb13u2 · objetivo postgres:16 (debian 13.6),A.8.8 Management of technical vulnerabilities,DSS05.07,No seleccionado; ver PT04_diseno_vs_eficacia.md,20_evidencia/E04_config/trivy_postgres_16.json,Revisado contra criterio PT04
S04-0137,Trivy,High,CVE-2026-14456,CVE-2026-14456 en libssl3t64 3.5.6-1~deb13u2 · objetivo wordpress:latest (debian 13.6),A.8.8 Management of technical vulnerabilities,DSS05.07,No seleccionado; ver PT04_diseno_vs_eficacia.md,20_evidencia/E04_config/trivy_wordpress_latest.json,Revisado contra criterio PT04
S04-0138,Trivy,High,CVE-2026-14456,CVE-2026-14456 en openssl 3.5.6-1~deb13u2 · objetivo postgres:16 (debian 13.6),A.8.8 Management of technical vulnerabilities,DSS05.07,No seleccionado; ver PT04_diseno_vs_eficacia.md,20_evidencia/E04_config/trivy_postgres_16.json,Revisado contra criterio PT04
S04-0139,Trivy,High,CVE-2026-14456,CVE-2026-14456 en openssl 3.5.6-1~deb13u2 · objetivo wordpress:latest (debian 13.6),A.8.8 Management of technical vulnerabilities,DSS05.07,No seleccionado; ver PT04_diseno_vs_eficacia.md,20_evidencia/E04_config/trivy_wordpress_latest.json,Revisado contra criterio PT04
S04-0140,Trivy,High,CVE-2026-14456,CVE-2026-14456 en openssl-provider-legacy 3.5.6-1~deb13u2 · objetivo postgres:16 (debian 13.6),A.8.8 Management of technical vulnerabilities,DSS05.07,No seleccionado; ver PT04_diseno_vs_eficacia.md,20_evidencia/E04_config/trivy_postgres_16.json,Revisado contra criterio PT04
S04-0141,Trivy,High,CVE-2026-14456,CVE-2026-14456 en openssl-provider-legacy 3.5.6-1~deb13u2 · objetivo wordpress:latest (debian 13.6),A.8.8 Management of technical vulnerabilities,DSS05.07,No seleccionado; ver PT04_diseno_vs_eficacia.md,20_evidencia/E04_config/trivy_wordpress_latest.json,Revisado contra criterio PT04
S04-0142,Trivy,High,CVE-2026-1526,CVE-2026-1526 en undici 5.29.0 · objetivo Node.js,A.8.8 Management of technical vulnerabilities,DSS05.07,No seleccionado; ver PT04_diseno_vs_eficacia.md,20_evidencia/E04_config/trivy_bkimminich_juice-shop_latest.json,Revisado contra criterio PT04
S04-0143,Trivy,High,CVE-2026-2229,CVE-2026-2229 en undici 5.29.0 · objetivo Node.js,A.8.8 Management of technical vulnerabilities,DSS05.07,No seleccionado; ver PT04_diseno_vs_eficacia.md,20_evidencia/E04_config/trivy_bkimminich_juice-shop_latest.json,Revisado contra criterio PT04
S04-0144,Trivy,High,CVE-2026-2359,CVE-2026-2359 en multer 1.4.5-lts.2 · objetivo Node.js,A.8.8 Management of technical vulnerabilities,DSS05.07,No seleccionado; ver PT04_diseno_vs_eficacia.md,20_evidencia/E04_config/trivy_bkimminich_juice-shop_latest.json,Revisado contra criterio PT04
S04-0145,Trivy,High,CVE-2026-23745,CVE-2026-23745 en tar 6.2.1 · objetivo Node.js,A.8.8 Management of technical vulnerabilities,DSS05.07,No seleccionado; ver PT04_diseno_vs_eficacia.md,20_evidencia/E04_config/trivy_bkimminich_juice-shop_latest.json,Revisado contra criterio PT04
S04-0146,Trivy,High,CVE-2026-23950,CVE-2026-23950 en tar 6.2.1 · objetivo Node.js,A.8.8 Management of technical vulnerabilities,DSS05.07,No seleccionado; ver PT04_diseno_vs_eficacia.md,20_evidencia/E04_config/trivy_bkimminich_juice-shop_latest.json,Revisado contra criterio PT04
S04-0147,Trivy,High,CVE-2026-24842,CVE-2026-24842 en tar 6.2.1 · objetivo Node.js,A.8.8 Management of technical vulnerabilities,DSS05.07,No seleccionado; ver PT04_diseno_vs_eficacia.md,20_evidencia/E04_config/trivy_bkimminich_juice-shop_latest.json,Revisado contra criterio PT04
S04-0148,Trivy,High,CVE-2026-25679,CVE-2026-25679 en stdlib v1.24.6 · objetivo usr/local/bin/gosu,A.8.8 Management of technical vulnerabilities,DSS05.07,No seleccionado; ver PT04_diseno_vs_eficacia.md,20_evidencia/E04_config/trivy_mariadb_11.json,Revisado contra criterio PT04
S04-0149,Trivy,High,CVE-2026-25679,CVE-2026-25679 en stdlib v1.24.6 · objetivo usr/local/bin/gosu,A.8.8 Management of technical vulnerabilities,DSS05.07,No seleccionado; ver PT04_diseno_vs_eficacia.md,20_evidencia/E04_config/trivy_postgres_16.json,Revisado contra criterio PT04
S04-0150,Trivy,High,CVE-2026-26960,CVE-2026-26960 en tar 6.2.1 · objetivo Node.js,A.8.8 Management of technical vulnerabilities,DSS05.07,No seleccionado; ver PT04_diseno_vs_eficacia.md,20_evidencia/E04_config/trivy_bkimminich_juice-shop_latest.json,Revisado contra criterio PT04
S04-0151,Trivy,High,CVE-2026-26996,CVE-2026-26996 en minimatch 3.0.5 · objetivo Node.js,A.8.8 Management of technical vulnerabilities,DSS05.07,No seleccionado; ver PT04_diseno_vs_eficacia.md,20_evidencia/E04_config/trivy_bkimminich_juice-shop_latest.json,Revisado contra criterio PT04
S04-0152,Trivy,High,CVE-2026-27145,CVE-2026-27145 en stdlib v1.24.6 · objetivo usr/local/bin/gosu,A.8.8 Management of technical vulnerabilities,DSS05.07,No seleccionado; ver PT04_diseno_vs_eficacia.md,20_evidencia/E04_config/trivy_mariadb_11.json,Revisado contra criterio PT04
S04-0153,Trivy,High,CVE-2026-27145,CVE-2026-27145 en stdlib v1.24.6 · objetivo usr/local/bin/gosu,A.8.8 Management of technical vulnerabilities,DSS05.07,No seleccionado; ver PT04_diseno_vs_eficacia.md,20_evidencia/E04_config/trivy_postgres_16.json,Revisado contra criterio PT04
S04-0154,Trivy,High,CVE-2026-27903,CVE-2026-27903 en minimatch 3.0.5 · objetivo Node.js,A.8.8 Management of technical vulnerabilities,DSS05.07,No seleccionado; ver PT04_diseno_vs_eficacia.md,20_evidencia/E04_config/trivy_bkimminich_juice-shop_latest.json,Revisado contra criterio PT04
S04-0155,Trivy,High,CVE-2026-27904,CVE-2026-27904 en minimatch 3.0.5 · objetivo Node.js,A.8.8 Management of technical vulnerabilities,DSS05.07,No seleccionado; ver PT04_diseno_vs_eficacia.md,20_evidencia/E04_config/trivy_bkimminich_juice-shop_latest.json,Revisado contra criterio PT04
S04-0156,Trivy,High,CVE-2026-29786,CVE-2026-29786 en tar 6.2.1 · objetivo Node.js,A.8.8 Management of technical vulnerabilities,DSS05.07,No seleccionado; ver PT04_diseno_vs_eficacia.md,20_evidencia/E04_config/trivy_bkimminich_juice-shop_latest.json,Revisado contra criterio PT04
S04-0157,Trivy,High,CVE-2026-31802,CVE-2026-31802 en tar 6.2.1 · objetivo Node.js,A.8.8 Management of technical vulnerabilities,DSS05.07,No seleccionado; ver PT04_diseno_vs_eficacia.md,20_evidencia/E04_config/trivy_bkimminich_juice-shop_latest.json,Revisado contra criterio PT04
S04-0158,Trivy,High,CVE-2026-32280,CVE-2026-32280 en stdlib v1.24.6 · objetivo usr/local/bin/gosu,A.8.8 Management of technical vulnerabilities,DSS05.07,No seleccionado; ver PT04_diseno_vs_eficacia.md,20_evidencia/E04_config/trivy_mariadb_11.json,Revisado contra criterio PT04
S04-0159,Trivy,High,CVE-2026-32280,CVE-2026-32280 en stdlib v1.24.6 · objetivo usr/local/bin/gosu,A.8.8 Management of technical vulnerabilities,DSS05.07,No seleccionado; ver PT04_diseno_vs_eficacia.md,20_evidencia/E04_config/trivy_postgres_16.json,Revisado contra criterio PT04
S04-0160,Trivy,High,CVE-2026-32281,CVE-2026-32281 en stdlib v1.24.6 · objetivo usr/local/bin/gosu,A.8.8 Management of technical vulnerabilities,DSS05.07,No seleccionado; ver PT04_diseno_vs_eficacia.md,20_evidencia/E04_config/trivy_mariadb_11.json,Revisado contra criterio PT04
S04-0161,Trivy,High,CVE-2026-32281,CVE-2026-32281 en stdlib v1.24.6 · objetivo usr/local/bin/gosu,A.8.8 Management of technical vulnerabilities,DSS05.07,No seleccionado; ver PT04_diseno_vs_eficacia.md,20_evidencia/E04_config/trivy_postgres_16.json,Revisado contra criterio PT04
S04-0162,Trivy,High,CVE-2026-32283,CVE-2026-32283 en stdlib v1.24.6 · objetivo usr/local/bin/gosu,A.8.8 Management of technical vulnerabilities,DSS05.07,No seleccionado; ver PT04_diseno_vs_eficacia.md,20_evidencia/E04_config/trivy_mariadb_11.json,Revisado contra criterio PT04
S04-0163,Trivy,High,CVE-2026-32283,CVE-2026-32283 en stdlib v1.24.6 · objetivo usr/local/bin/gosu,A.8.8 Management of technical vulnerabilities,DSS05.07,No seleccionado; ver PT04_diseno_vs_eficacia.md,20_evidencia/E04_config/trivy_postgres_16.json,Revisado contra criterio PT04
S04-0164,Trivy,High,CVE-2026-3304,CVE-2026-3304 en multer 1.4.5-lts.2 · objetivo Node.js,A.8.8 Management of technical vulnerabilities,DSS05.07,No seleccionado; ver PT04_diseno_vs_eficacia.md,20_evidencia/E04_config/trivy_bkimminich_juice-shop_latest.json,Revisado contra criterio PT04
S04-0165,Trivy,High,CVE-2026-33151,CVE-2026-33151 en socket.io-parser 4.0.5 · objetivo Node.js,A.8.8 Management of technical vulnerabilities,DSS05.07,No seleccionado; ver PT04_diseno_vs_eficacia.md,20_evidencia/E04_config/trivy_bkimminich_juice-shop_latest.json,Revisado contra criterio PT04
S04-0166,Trivy,High,CVE-2026-33164,CVE-2026-33164 en libde265-0 1.0.15-1+deb13u1 · objetivo wordpress:latest (debian 13.6),A.8.8 Management of technical vulnerabilities,DSS05.07,No seleccionado; ver PT04_diseno_vs_eficacia.md,20_evidencia/E04_config/trivy_wordpress_latest.json,Revisado contra criterio PT04
S04-0167,Trivy,High,CVE-2026-33811,CVE-2026-33811 en stdlib v1.24.6 · objetivo usr/local/bin/gosu,A.8.8 Management of technical vulnerabilities,DSS05.07,No seleccionado; ver PT04_diseno_vs_eficacia.md,20_evidencia/E04_config/trivy_mariadb_11.json,Revisado contra criterio PT04
S04-0168,Trivy,High,CVE-2026-33811,CVE-2026-33811 en stdlib v1.24.6 · objetivo usr/local/bin/gosu,A.8.8 Management of technical vulnerabilities,DSS05.07,No seleccionado; ver PT04_diseno_vs_eficacia.md,20_evidencia/E04_config/trivy_postgres_16.json,Revisado contra criterio PT04
S04-0169,Trivy,High,CVE-2026-33814,CVE-2026-33814 en stdlib v1.24.6 · objetivo usr/local/bin/gosu,A.8.8 Management of technical vulnerabilities,DSS05.07,No seleccionado; ver PT04_diseno_vs_eficacia.md,20_evidencia/E04_config/trivy_mariadb_11.json,Revisado contra criterio PT04
S04-0170,Trivy,High,CVE-2026-33814,CVE-2026-33814 en stdlib v1.24.6 · objetivo usr/local/bin/gosu,A.8.8 Management of technical vulnerabilities,DSS05.07,No seleccionado; ver PT04_diseno_vs_eficacia.md,20_evidencia/E04_config/trivy_postgres_16.json,Revisado contra criterio PT04
S04-0171,Trivy,High,CVE-2026-33818,CVE-2026-33818 en stdlib v1.24.6 · objetivo usr/local/bin/gosu,A.8.8 Management of technical vulnerabilities,DSS05.07,No seleccionado; ver PT04_diseno_vs_eficacia.md,20_evidencia/E04_config/trivy_mariadb_11.json,Revisado contra criterio PT04
S04-0172,Trivy,High,CVE-2026-33818,CVE-2026-33818 en stdlib v1.24.6 · objetivo usr/local/bin/gosu,A.8.8 Management of technical vulnerabilities,DSS05.07,No seleccionado; ver PT04_diseno_vs_eficacia.md,20_evidencia/E04_config/trivy_postgres_16.json,Revisado contra criterio PT04
S04-0173,Trivy,High,CVE-2026-3520,CVE-2026-3520 en multer 1.4.5-lts.2 · objetivo Node.js,A.8.8 Management of technical vulnerabilities,DSS05.07,No seleccionado; ver PT04_diseno_vs_eficacia.md,20_evidencia/E04_config/trivy_bkimminich_juice-shop_latest.json,Revisado contra criterio PT04
S04-0174,Trivy,High,CVE-2026-39820,CVE-2026-39820 en stdlib v1.24.6 · objetivo usr/local/bin/gosu,A.8.8 Management of technical vulnerabilities,DSS05.07,No seleccionado; ver PT04_diseno_vs_eficacia.md,20_evidencia/E04_config/trivy_mariadb_11.json,Revisado contra criterio PT04
S04-0175,Trivy,High,CVE-2026-39820,CVE-2026-39820 en stdlib v1.24.6 · objetivo usr/local/bin/gosu,A.8.8 Management of technical vulnerabilities,DSS05.07,No seleccionado; ver PT04_diseno_vs_eficacia.md,20_evidencia/E04_config/trivy_postgres_16.json,Revisado contra criterio PT04
S04-0176,Trivy,High,CVE-2026-39821,CVE-2026-39821 en stdlib v1.24.6 · objetivo usr/local/bin/gosu,A.8.8 Management of technical vulnerabilities,DSS05.07,No seleccionado; ver PT04_diseno_vs_eficacia.md,20_evidencia/E04_config/trivy_mariadb_11.json,Revisado contra criterio PT04
S04-0177,Trivy,High,CVE-2026-39821,CVE-2026-39821 en stdlib v1.24.6 · objetivo usr/local/bin/gosu,A.8.8 Management of technical vulnerabilities,DSS05.07,No seleccionado; ver PT04_diseno_vs_eficacia.md,20_evidencia/E04_config/trivy_postgres_16.json,Revisado contra criterio PT04
S04-0178,Trivy,High,CVE-2026-39822,CVE-2026-39822 en stdlib v1.24.6 · objetivo usr/local/bin/gosu,A.8.8 Management of technical vulnerabilities,DSS05.07,No seleccionado; ver PT04_diseno_vs_eficacia.md,20_evidencia/E04_config/trivy_mariadb_11.json,Revisado contra criterio PT04
S04-0179,Trivy,High,CVE-2026-39822,CVE-2026-39822 en stdlib v1.24.6 · objetivo usr/local/bin/gosu,A.8.8 Management of technical vulnerabilities,DSS05.07,No seleccionado; ver PT04_diseno_vs_eficacia.md,20_evidencia/E04_config/trivy_postgres_16.json,Revisado contra criterio PT04
S04-0180,Trivy,High,CVE-2026-39836,CVE-2026-39836 en stdlib v1.24.6 · objetivo usr/local/bin/gosu,A.8.8 Management of technical vulnerabilities,DSS05.07,No seleccionado; ver PT04_diseno_vs_eficacia.md,20_evidencia/E04_config/trivy_mariadb_11.json,Revisado contra criterio PT04
S04-0181,Trivy,High,CVE-2026-39836,CVE-2026-39836 en stdlib v1.24.6 · objetivo usr/local/bin/gosu,A.8.8 Management of technical vulnerabilities,DSS05.07,No seleccionado; ver PT04_diseno_vs_eficacia.md,20_evidencia/E04_config/trivy_postgres_16.json,Revisado contra criterio PT04
S04-0182,Trivy,High,CVE-2026-42499,CVE-2026-42499 en stdlib v1.24.6 · objetivo usr/local/bin/gosu,A.8.8 Management of technical vulnerabilities,DSS05.07,No seleccionado; ver PT04_diseno_vs_eficacia.md,20_evidencia/E04_config/trivy_mariadb_11.json,Revisado contra criterio PT04
S04-0183,Trivy,High,CVE-2026-42499,CVE-2026-42499 en stdlib v1.24.6 · objetivo usr/local/bin/gosu,A.8.8 Management of technical vulnerabilities,DSS05.07,No seleccionado; ver PT04_diseno_vs_eficacia.md,20_evidencia/E04_config/trivy_postgres_16.json,Revisado contra criterio PT04
S04-0184,Trivy,High,CVE-2026-42504,CVE-2026-42504 en stdlib v1.24.6 · objetivo usr/local/bin/gosu,A.8.8 Management of technical vulnerabilities,DSS05.07,No seleccionado; ver PT04_diseno_vs_eficacia.md,20_evidencia/E04_config/trivy_mariadb_11.json,Revisado contra criterio PT04
S04-0185,Trivy,High,CVE-2026-42504,CVE-2026-42504 en stdlib v1.24.6 · objetivo usr/local/bin/gosu,A.8.8 Management of technical vulnerabilities,DSS05.07,No seleccionado; ver PT04_diseno_vs_eficacia.md,20_evidencia/E04_config/trivy_postgres_16.json,Revisado contra criterio PT04
S04-0186,Trivy,High,CVE-2026-48779,CVE-2026-48779 en ws 7.4.6 · objetivo Node.js,A.8.8 Management of technical vulnerabilities,DSS05.07,No seleccionado; ver PT04_diseno_vs_eficacia.md,20_evidencia/E04_config/trivy_bkimminich_juice-shop_latest.json,Revisado contra criterio PT04
S04-0187,Trivy,High,CVE-2026-5079,CVE-2026-5079 en multer 1.4.5-lts.2 · objetivo Node.js,A.8.8 Management of technical vulnerabilities,DSS05.07,No seleccionado; ver PT04_diseno_vs_eficacia.md,20_evidencia/E04_config/trivy_bkimminich_juice-shop_latest.json,Revisado contra criterio PT04
S04-0188,Trivy,High,CVE-2026-56853,CVE-2026-56853 en stdlib v1.24.6 · objetivo usr/local/bin/gosu,A.8.8 Management of technical vulnerabilities,DSS05.07,No seleccionado; ver PT04_diseno_vs_eficacia.md,20_evidencia/E04_config/trivy_mariadb_11.json,Revisado contra criterio PT04
S04-0189,Trivy,High,CVE-2026-56853,CVE-2026-56853 en stdlib v1.24.6 · objetivo usr/local/bin/gosu,A.8.8 Management of technical vulnerabilities,DSS05.07,No seleccionado; ver PT04_diseno_vs_eficacia.md,20_evidencia/E04_config/trivy_postgres_16.json,Revisado contra criterio PT04
S04-0190,Trivy,High,CVE-2026-56858,CVE-2026-56858 en stdlib v1.24.6 · objetivo usr/local/bin/gosu,A.8.8 Management of technical vulnerabilities,DSS05.07,No seleccionado; ver PT04_diseno_vs_eficacia.md,20_evidencia/E04_config/trivy_mariadb_11.json,Revisado contra criterio PT04
S04-0191,Trivy,High,CVE-2026-56858,CVE-2026-56858 en stdlib v1.24.6 · objetivo usr/local/bin/gosu,A.8.8 Management of technical vulnerabilities,DSS05.07,No seleccionado; ver PT04_diseno_vs_eficacia.md,20_evidencia/E04_config/trivy_postgres_16.json,Revisado contra criterio PT04
S04-0192,Trivy,High,CVE-2026-56859,CVE-2026-56859 en stdlib v1.24.6 · objetivo usr/local/bin/gosu,A.8.8 Management of technical vulnerabilities,DSS05.07,No seleccionado; ver PT04_diseno_vs_eficacia.md,20_evidencia/E04_config/trivy_mariadb_11.json,Revisado contra criterio PT04
S04-0193,Trivy,High,CVE-2026-56859,CVE-2026-56859 en stdlib v1.24.6 · objetivo usr/local/bin/gosu,A.8.8 Management of technical vulnerabilities,DSS05.07,No seleccionado; ver PT04_diseno_vs_eficacia.md,20_evidencia/E04_config/trivy_postgres_16.json,Revisado contra criterio PT04
S04-0194,Trivy,High,CVE-2026-56860,CVE-2026-56860 en stdlib v1.24.6 · objetivo usr/local/bin/gosu,A.8.8 Management of technical vulnerabilities,DSS05.07,No seleccionado; ver PT04_diseno_vs_eficacia.md,20_evidencia/E04_config/trivy_mariadb_11.json,Revisado contra criterio PT04
S04-0195,Trivy,High,CVE-2026-56860,CVE-2026-56860 en stdlib v1.24.6 · objetivo usr/local/bin/gosu,A.8.8 Management of technical vulnerabilities,DSS05.07,No seleccionado; ver PT04_diseno_vs_eficacia.md,20_evidencia/E04_config/trivy_postgres_16.json,Revisado contra criterio PT04
S04-0196,Trivy,High,CVE-2026-56862,CVE-2026-56862 en stdlib v1.24.6 · objetivo usr/local/bin/gosu,A.8.8 Management of technical vulnerabilities,DSS05.07,No seleccionado; ver PT04_diseno_vs_eficacia.md,20_evidencia/E04_config/trivy_mariadb_11.json,Revisado contra criterio PT04
S04-0197,Trivy,High,CVE-2026-56862,CVE-2026-56862 en stdlib v1.24.6 · objetivo usr/local/bin/gosu,A.8.8 Management of technical vulnerabilities,DSS05.07,No seleccionado; ver PT04_diseno_vs_eficacia.md,20_evidencia/E04_config/trivy_postgres_16.json,Revisado contra criterio PT04
S04-0198,Trivy,High,CVE-2026-59725,CVE-2026-59725 en engine.io 4.1.2 · objetivo Node.js,A.8.8 Management of technical vulnerabilities,DSS05.07,No seleccionado; ver PT04_diseno_vs_eficacia.md,20_evidencia/E04_config/trivy_bkimminich_juice-shop_latest.json,Revisado contra criterio PT04
S04-0199,Trivy,High,CVE-2026-59874,CVE-2026-59874 en tar 6.2.1 · objetivo Node.js,A.8.8 Management of technical vulnerabilities,DSS05.07,No seleccionado; ver PT04_diseno_vs_eficacia.md,20_evidencia/E04_config/trivy_bkimminich_juice-shop_latest.json,Revisado contra criterio PT04
S04-0200,Trivy,High,CVE-2026-64017,CVE-2026-64017 en linux-libc-dev 6.12.101-1 · objetivo wordpress:latest (debian 13.6),A.8.8 Management of technical vulnerabilities,DSS05.07,No seleccionado; ver PT04_diseno_vs_eficacia.md,20_evidencia/E04_config/trivy_wordpress_latest.json,Revisado contra criterio PT04
S04-0201,Trivy,High,CVE-2026-68159,CVE-2026-68159 en linux-libc-dev 6.12.101-1 · objetivo wordpress:latest (debian 13.6),A.8.8 Management of technical vulnerabilities,DSS05.07,No seleccionado; ver PT04_diseno_vs_eficacia.md,20_evidencia/E04_config/trivy_wordpress_latest.json,Revisado contra criterio PT04
S04-0202,Trivy,High,CVE-2026-68166,CVE-2026-68166 en linux-libc-dev 6.12.101-1 · objetivo wordpress:latest (debian 13.6),A.8.8 Management of technical vulnerabilities,DSS05.07,No seleccionado; ver PT04_diseno_vs_eficacia.md,20_evidencia/E04_config/trivy_wordpress_latest.json,Revisado contra criterio PT04
S04-0203,Trivy,High,CVE-2026-68264,CVE-2026-68264 en linux-libc-dev 6.12.101-1 · objetivo wordpress:latest (debian 13.6),A.8.8 Management of technical vulnerabilities,DSS05.07,No seleccionado; ver PT04_diseno_vs_eficacia.md,20_evidencia/E04_config/trivy_wordpress_latest.json,Revisado contra criterio PT04
S04-0204,Trivy,High,CVE-2026-68480,CVE-2026-68480 en linux-libc-dev 6.12.101-1 · objetivo wordpress:latest (debian 13.6),A.8.8 Management of technical vulnerabilities,DSS05.07,No seleccionado; ver PT04_diseno_vs_eficacia.md,20_evidencia/E04_config/trivy_wordpress_latest.json,Revisado contra criterio PT04
S04-0205,Trivy,High,CVE-2026-69185,CVE-2026-69185 en socket.io-parser 4.0.5 · objetivo Node.js,A.8.8 Management of technical vulnerabilities,DSS05.07,No seleccionado; ver PT04_diseno_vs_eficacia.md,20_evidencia/E04_config/trivy_bkimminich_juice-shop_latest.json,Revisado contra criterio PT04
S04-0206,Trivy,High,CVE-2026-73566,CVE-2026-73566 en tar 6.2.1 · objetivo Node.js,A.8.8 Management of technical vulnerabilities,DSS05.07,No seleccionado; ver PT04_diseno_vs_eficacia.md,20_evidencia/E04_config/trivy_bkimminich_juice-shop_latest.json,Revisado contra criterio PT04
S04-0207,Trivy,High,CVE-2026-74446,CVE-2026-74446 en linux-libc-dev 6.12.101-1 · objetivo wordpress:latest (debian 13.6),A.8.8 Management of technical vulnerabilities,DSS05.07,No seleccionado; ver PT04_diseno_vs_eficacia.md,20_evidencia/E04_config/trivy_wordpress_latest.json,Revisado contra criterio PT04
S04-0208,Trivy,High,CVE-2026-74476,CVE-2026-74476 en linux-libc-dev 6.12.101-1 · objetivo wordpress:latest (debian 13.6),A.8.8 Management of technical vulnerabilities,DSS05.07,No seleccionado; ver PT04_diseno_vs_eficacia.md,20_evidencia/E04_config/trivy_wordpress_latest.json,Revisado contra criterio PT04
S04-0209,Trivy,High,CVE-2026-74480,CVE-2026-74480 en linux-libc-dev 6.12.101-1 · objetivo wordpress:latest (debian 13.6),A.8.8 Management of technical vulnerabilities,DSS05.07,No seleccionado; ver PT04_diseno_vs_eficacia.md,20_evidencia/E04_config/trivy_wordpress_latest.json,Revisado contra criterio PT04
S04-0210,Trivy,High,CVE-2026-74488,CVE-2026-74488 en linux-libc-dev 6.12.101-1 · objetivo wordpress:latest (debian 13.6),A.8.8 Management of technical vulnerabilities,DSS05.07,No seleccionado; ver PT04_diseno_vs_eficacia.md,20_evidencia/E04_config/trivy_wordpress_latest.json,Revisado contra criterio PT04
S04-0211,Trivy,High,CVE-2026-74502,CVE-2026-74502 en linux-libc-dev 6.12.101-1 · objetivo wordpress:latest (debian 13.6),A.8.8 Management of technical vulnerabilities,DSS05.07,No seleccionado; ver PT04_diseno_vs_eficacia.md,20_evidencia/E04_config/trivy_wordpress_latest.json,Revisado contra criterio PT04
S04-0212,Trivy,High,CVE-2026-74503,CVE-2026-74503 en linux-libc-dev 6.12.101-1 · objetivo wordpress:latest (debian 13.6),A.8.8 Management of technical vulnerabilities,DSS05.07,No seleccionado; ver PT04_diseno_vs_eficacia.md,20_evidencia/E04_config/trivy_wordpress_latest.json,Revisado contra criterio PT04
S04-0213,Trivy,High,CVE-2026-74509,CVE-2026-74509 en linux-libc-dev 6.12.101-1 · objetivo wordpress:latest (debian 13.6),A.8.8 Management of technical vulnerabilities,DSS05.07,No seleccionado; ver PT04_diseno_vs_eficacia.md,20_evidencia/E04_config/trivy_wordpress_latest.json,Revisado contra criterio PT04
S04-0214,Trivy,High,CVE-2026-74516,CVE-2026-74516 en linux-libc-dev 6.12.101-1 · objetivo wordpress:latest (debian 13.6),A.8.8 Management of technical vulnerabilities,DSS05.07,No seleccionado; ver PT04_diseno_vs_eficacia.md,20_evidencia/E04_config/trivy_wordpress_latest.json,Revisado contra criterio PT04
S04-0215,Trivy,High,CVE-2026-74518,CVE-2026-74518 en linux-libc-dev 6.12.101-1 · objetivo wordpress:latest (debian 13.6),A.8.8 Management of technical vulnerabilities,DSS05.07,No seleccionado; ver PT04_diseno_vs_eficacia.md,20_evidencia/E04_config/trivy_wordpress_latest.json,Revisado contra criterio PT04
S04-0216,Trivy,High,CVE-2026-74556,CVE-2026-74556 en linux-libc-dev 6.12.101-1 · objetivo wordpress:latest (debian 13.6),A.8.8 Management of technical vulnerabilities,DSS05.07,No seleccionado; ver PT04_diseno_vs_eficacia.md,20_evidencia/E04_config/trivy_wordpress_latest.json,Revisado contra criterio PT04
S04-0217,Trivy,High,CVE-2026-74569,CVE-2026-74569 en linux-libc-dev 6.12.101-1 · objetivo wordpress:latest (debian 13.6),A.8.8 Management of technical vulnerabilities,DSS05.07,No seleccionado; ver PT04_diseno_vs_eficacia.md,20_evidencia/E04_config/trivy_wordpress_latest.json,Revisado contra criterio PT04
S04-0218,Trivy,High,CVE-2026-74580,CVE-2026-74580 en linux-libc-dev 6.12.101-1 · objetivo wordpress:latest (debian 13.6),A.8.8 Management of technical vulnerabilities,DSS05.07,No seleccionado; ver PT04_diseno_vs_eficacia.md,20_evidencia/E04_config/trivy_wordpress_latest.json,Revisado contra criterio PT04
S04-0219,Trivy,High,CVE-2026-74581,CVE-2026-74581 en linux-libc-dev 6.12.101-1 · objetivo wordpress:latest (debian 13.6),A.8.8 Management of technical vulnerabilities,DSS05.07,No seleccionado; ver PT04_diseno_vs_eficacia.md,20_evidencia/E04_config/trivy_wordpress_latest.json,Revisado contra criterio PT04
S04-0220,Trivy,High,CVE-2026-74582,CVE-2026-74582 en linux-libc-dev 6.12.101-1 · objetivo wordpress:latest (debian 13.6),A.8.8 Management of technical vulnerabilities,DSS05.07,No seleccionado; ver PT04_diseno_vs_eficacia.md,20_evidencia/E04_config/trivy_wordpress_latest.json,Revisado contra criterio PT04
S04-0221,Trivy,High,CVE-2026-74583,CVE-2026-74583 en linux-libc-dev 6.12.101-1 · objetivo wordpress:latest (debian 13.6),A.8.8 Management of technical vulnerabilities,DSS05.07,No seleccionado; ver PT04_diseno_vs_eficacia.md,20_evidencia/E04_config/trivy_wordpress_latest.json,Revisado contra criterio PT04
S04-0222,Trivy,High,CVE-2026-74586,CVE-2026-74586 en linux-libc-dev 6.12.101-1 · objetivo wordpress:latest (debian 13.6),A.8.8 Management of technical vulnerabilities,DSS05.07,No seleccionado; ver PT04_diseno_vs_eficacia.md,20_evidencia/E04_config/trivy_wordpress_latest.json,Revisado contra criterio PT04
S04-0223,Trivy,High,CVE-2026-74588,CVE-2026-74588 en linux-libc-dev 6.12.101-1 · objetivo wordpress:latest (debian 13.6),A.8.8 Management of technical vulnerabilities,DSS05.07,No seleccionado; ver PT04_diseno_vs_eficacia.md,20_evidencia/E04_config/trivy_wordpress_latest.json,Revisado contra criterio PT04
S04-0224,Trivy,High,CVE-2026-74597,CVE-2026-74597 en linux-libc-dev 6.12.101-1 · objetivo wordpress:latest (debian 13.6),A.8.8 Management of technical vulnerabilities,DSS05.07,No seleccionado; ver PT04_diseno_vs_eficacia.md,20_evidencia/E04_config/trivy_wordpress_latest.json,Revisado contra criterio PT04
S04-0225,Trivy,High,CVE-2026-74615,CVE-2026-74615 en linux-libc-dev 6.12.101-1 · objetivo wordpress:latest (debian 13.6),A.8.8 Management of technical vulnerabilities,DSS05.07,No seleccionado; ver PT04_diseno_vs_eficacia.md,20_evidencia/E04_config/trivy_wordpress_latest.json,Revisado contra criterio PT04
S04-0226,Trivy,High,CVE-2026-74616,CVE-2026-74616 en linux-libc-dev 6.12.101-1 · objetivo wordpress:latest (debian 13.6),A.8.8 Management of technical vulnerabilities,DSS05.07,No seleccionado; ver PT04_diseno_vs_eficacia.md,20_evidencia/E04_config/trivy_wordpress_latest.json,Revisado contra criterio PT04
S04-0227,Trivy,High,CVE-2026-74630,CVE-2026-74630 en linux-libc-dev 6.12.101-1 · objetivo wordpress:latest (debian 13.6),A.8.8 Management of technical vulnerabilities,DSS05.07,No seleccionado; ver PT04_diseno_vs_eficacia.md,20_evidencia/E04_config/trivy_wordpress_latest.json,Revisado contra criterio PT04
S04-0228,Trivy,High,CVE-2026-74631,CVE-2026-74631 en linux-libc-dev 6.12.101-1 · objetivo wordpress:latest (debian 13.6),A.8.8 Management of technical vulnerabilities,DSS05.07,No seleccionado; ver PT04_diseno_vs_eficacia.md,20_evidencia/E04_config/trivy_wordpress_latest.json,Revisado contra criterio PT04
S04-0229,Trivy,High,CVE-2026-74662,CVE-2026-74662 en linux-libc-dev 6.12.101-1 · objetivo wordpress:latest (debian 13.6),A.8.8 Management of technical vulnerabilities,DSS05.07,No seleccionado; ver PT04_diseno_vs_eficacia.md,20_evidencia/E04_config/trivy_wordpress_latest.json,Revisado contra criterio PT04
S04-0230,Trivy,High,CVE-2026-74669,CVE-2026-74669 en linux-libc-dev 6.12.101-1 · objetivo wordpress:latest (debian 13.6),A.8.8 Management of technical vulnerabilities,DSS05.07,No seleccionado; ver PT04_diseno_vs_eficacia.md,20_evidencia/E04_config/trivy_wordpress_latest.json,Revisado contra criterio PT04
S04-0231,Trivy,High,CVE-2026-74743,CVE-2026-74743 en linux-libc-dev 6.12.101-1 · objetivo wordpress:latest (debian 13.6),A.8.8 Management of technical vulnerabilities,DSS05.07,No seleccionado; ver PT04_diseno_vs_eficacia.md,20_evidencia/E04_config/trivy_wordpress_latest.json,Revisado contra criterio PT04
S04-0232,Trivy,High,CVE-2026-74744,CVE-2026-74744 en linux-libc-dev 6.12.101-1 · objetivo wordpress:latest (debian 13.6),A.8.8 Management of technical vulnerabilities,DSS05.07,No seleccionado; ver PT04_diseno_vs_eficacia.md,20_evidencia/E04_config/trivy_wordpress_latest.json,Revisado contra criterio PT04
S04-0233,Trivy,High,CVE-2026-74746,CVE-2026-74746 en linux-libc-dev 6.12.101-1 · objetivo wordpress:latest (debian 13.6),A.8.8 Management of technical vulnerabilities,DSS05.07,No seleccionado; ver PT04_diseno_vs_eficacia.md,20_evidencia/E04_config/trivy_wordpress_latest.json,Revisado contra criterio PT04
S04-0234,Trivy,High,CVE-2026-77078,CVE-2026-77078 en multer 1.4.5-lts.2 · objetivo Node.js,A.8.8 Management of technical vulnerabilities,DSS05.07,No seleccionado; ver PT04_diseno_vs_eficacia.md,20_evidencia/E04_config/trivy_bkimminich_juice-shop_latest.json,Revisado contra criterio PT04
S04-0235,Trivy,High,CVE-2026-80522,CVE-2026-80522 en linux-libc-dev 6.12.101-1 · objetivo wordpress:latest (debian 13.6),A.8.8 Management of technical vulnerabilities,DSS05.07,No seleccionado; ver PT04_diseno_vs_eficacia.md,20_evidencia/E04_config/trivy_wordpress_latest.json,Revisado contra criterio PT04
S04-0236,Trivy,High,CVE-2026-80530,CVE-2026-80530 en linux-libc-dev 6.12.101-1 · objetivo wordpress:latest (debian 13.6),A.8.8 Management of technical vulnerabilities,DSS05.07,No seleccionado; ver PT04_diseno_vs_eficacia.md,20_evidencia/E04_config/trivy_wordpress_latest.json,Revisado contra criterio PT04
S04-0237,Trivy,High,CVE-2026-80586,CVE-2026-80586 en linux-libc-dev 6.12.101-1 · objetivo wordpress:latest (debian 13.6),A.8.8 Management of technical vulnerabilities,DSS05.07,No seleccionado; ver PT04_diseno_vs_eficacia.md,20_evidencia/E04_config/trivy_wordpress_latest.json,Revisado contra criterio PT04
S04-0238,Trivy,High,CVE-2026-80590,CVE-2026-80590 en linux-libc-dev 6.12.101-1 · objetivo wordpress:latest (debian 13.6),A.8.8 Management of technical vulnerabilities,DSS05.07,No seleccionado; ver PT04_diseno_vs_eficacia.md,20_evidencia/E04_config/trivy_wordpress_latest.json,Revisado contra criterio PT04
S04-0239,Trivy,High,CVE-2026-80714,CVE-2026-80714 en linux-libc-dev 6.12.101-1 · objetivo wordpress:latest (debian 13.6),A.8.8 Management of technical vulnerabilities,DSS05.07,No seleccionado; ver PT04_diseno_vs_eficacia.md,20_evidencia/E04_config/trivy_wordpress_latest.json,Revisado contra criterio PT04
S04-0240,Trivy,High,CVE-2026-80725,CVE-2026-80725 en linux-libc-dev 6.12.101-1 · objetivo wordpress:latest (debian 13.6),A.8.8 Management of technical vulnerabilities,DSS05.07,No seleccionado; ver PT04_diseno_vs_eficacia.md,20_evidencia/E04_config/trivy_wordpress_latest.json,Revisado contra criterio PT04
S04-0241,Trivy,High,CVE-2026-80726,CVE-2026-80726 en linux-libc-dev 6.12.101-1 · objetivo wordpress:latest (debian 13.6),A.8.8 Management of technical vulnerabilities,DSS05.07,No seleccionado; ver PT04_diseno_vs_eficacia.md,20_evidencia/E04_config/trivy_wordpress_latest.json,Revisado contra criterio PT04
S04-0242,Trivy,High,CVE-2026-82333,CVE-2026-82333 en multer 1.4.5-lts.2 · objetivo Node.js,A.8.8 Management of technical vulnerabilities,DSS05.07,No seleccionado; ver PT04_diseno_vs_eficacia.md,20_evidencia/E04_config/trivy_bkimminich_juice-shop_latest.json,Revisado contra criterio PT04
S04-0243,Trivy,High,CVE-2026-84375,CVE-2026-84375 en js-yaml 3.15.1 · objetivo Node.js,A.8.8 Management of technical vulnerabilities,DSS05.07,No seleccionado; ver PT04_diseno_vs_eficacia.md,20_evidencia/E04_config/trivy_bkimminich_juice-shop_latest.json,Revisado contra criterio PT04
S04-0244,Trivy,High,NSWG-ECO-17,NSWG-ECO-17 en jsonwebtoken 0.1.0 · objetivo Node.js,A.8.8 Management of technical vulnerabilities,DSS05.07,No seleccionado; ver PT04_diseno_vs_eficacia.md,20_evidencia/E04_config/trivy_bkimminich_juice-shop_latest.json,Revisado contra criterio PT04
S04-0245,Trivy,High,NSWG-ECO-17,NSWG-ECO-17 en jsonwebtoken 0.4.0 · objetivo Node.js,A.8.8 Management of technical vulnerabilities,DSS05.07,No seleccionado; ver PT04_diseno_vs_eficacia.md,20_evidencia/E04_config/trivy_bkimminich_juice-shop_latest.json,Revisado contra criterio PT04
S04-0246,Trivy,High,NSWG-ECO-428,NSWG-ECO-428 en base64url 0.0.6 · objetivo Node.js,A.8.8 Management of technical vulnerabilities,DSS05.07,No seleccionado; ver PT04_diseno_vs_eficacia.md,20_evidencia/E04_config/trivy_bkimminich_juice-shop_latest.json,Revisado contra criterio PT04
S04-0247,Trivy Secret,High,private-key,Asymmetric Private Key en /etc/ssl/private/ssl-cert-snakeoil.key (valor omitido),A.8.24 Use of cryptography,DSS05.03,No seleccionado; ver PT04_diseno_vs_eficacia.md,20_evidencia/E04_config/trivy_postgres_16.json,Revisado contra criterio PT04
S04-0248,Trivy Secret,High,private-key,Asymmetric Private Key en /juice-shop/build/lib/insecurity.js (valor omitido),A.8.24 Use of cryptography,DSS05.03,No seleccionado; ver PT04_diseno_vs_eficacia.md,20_evidencia/E04_config/trivy_bkimminich_juice-shop_latest.json,Revisado contra criterio PT04
S04-0249,Trivy Secret,High,private-key,Asymmetric Private Key en /juice-shop/infrastructure/terraform/networking.tf (valor omitido),A.8.24 Use of cryptography,DSS05.03,No seleccionado; ver PT04_diseno_vs_eficacia.md,20_evidencia/E04_config/trivy_bkimminich_juice-shop_latest.json,Revisado contra criterio PT04
S04-0250,Trivy Secret,High,private-key,Asymmetric Private Key en /juice-shop/lib/insecurity.ts (valor omitido),A.8.24 Use of cryptography,DSS05.03,No seleccionado; ver PT04_diseno_vs_eficacia.md,20_evidencia/E04_config/trivy_bkimminich_juice-shop_latest.json,Revisado contra criterio PT04
S04-0251,Trivy Secret,High,private-key,Asymmetric Private Key en /juice-shop/terraform/networking.tf (valor omitido),A.8.24 Use of cryptography,DSS05.03,No seleccionado; ver PT04_diseno_vs_eficacia.md,20_evidencia/E04_config/trivy_bkimminich_juice-shop_latest.json,Revisado contra criterio PT04
S04-0252,Lynis,Media,ACCT-9622,ACCT-9622 · Enable process accounting · - · - ·,A.8.16 Monitoring activities,DSS01.03,No seleccionado; ver PT04_diseno_vs_eficacia.md,20_evidencia/E04_config/lynis-report.dat,Revisado contra criterio PT04
S04-0253,Lynis,Media,ACCT-9626,ACCT-9626 · Enable sysstat to collect accounting (no results) · - · - ·,A.8.16 Monitoring activities,DSS01.03,No seleccionado; ver PT04_diseno_vs_eficacia.md,20_evidencia/E04_config/lynis-report.dat,Revisado contra criterio PT04
S04-0254,Lynis,Media,ACCT-9628,ACCT-9628 · Enable auditd to collect audit information · - · - ·,A.8.15 Logging,DSS01.03,No seleccionado; ver PT04_diseno_vs_eficacia.md,20_evidencia/E04_config/lynis-report.dat,Revisado contra criterio PT04
S04-0255,Lynis,Media,AUTH-9262,AUTH-9262 · Install a PAM module for password strength testing like pam_cracklib or pam_passwdqc or libpam-passwdqc · - · - ·,A.5.17 Authentication information,DSS05.04,No seleccionado; ver PT04_diseno_vs_eficacia.md,20_evidencia/E04_config/lynis-report.dat,Revisado contra criterio PT04
S04-0256,Lynis,Media,AUTH-9328,"AUTH-9328 · Default umask in /etc/login.defs could not be found and defaults usually to 022, which could be more strict like 027 · - · - ·",A.8.9 Configuration management,BAI10.02,No seleccionado; ver PT04_diseno_vs_eficacia.md,20_evidencia/E04_config/lynis-report.dat,Revisado contra criterio PT04
S04-0257,Lynis,Media,BOOT-5180,BOOT-5180 · Determine runlevel and services at startup · - · - ·,A.8.9 Configuration management,BAI10.02,No seleccionado; ver PT04_diseno_vs_eficacia.md,20_evidencia/E04_config/lynis-report.dat,Revisado contra criterio PT04
S04-0258,Lynis,Media,FILE-6310,"FILE-6310 · To decrease the impact of a full /home file system, place /home on a separate partition · - · - ·",A.8.9 Configuration management,BAI10.02,No seleccionado; ver PT04_diseno_vs_eficacia.md,20_evidencia/E04_config/lynis-report.dat,Revisado contra criterio PT04
S04-0259,Lynis,Media,FILE-6310,"FILE-6310 · To decrease the impact of a full /tmp file system, place /tmp on a separate partition · - · - ·",A.8.9 Configuration management,BAI10.02,No seleccionado; ver PT04_diseno_vs_eficacia.md,20_evidencia/E04_config/lynis-report.dat,Revisado contra criterio PT04
S04-0260,Lynis,Media,FILE-6310,"FILE-6310 · To decrease the impact of a full /var file system, place /var on a separate partition · - · - ·",A.8.9 Configuration management,BAI10.02,No seleccionado; ver PT04_diseno_vs_eficacia.md,20_evidencia/E04_config/lynis-report.dat,Revisado contra criterio PT04
S04-0261,Lynis,Media,FILE-7524,FILE-7524 · Consider restricting file permissions · See screen output or log file · text:Use chmod to change file permissions ·,A.8.15 Logging,DSS01.03,No seleccionado; ver PT04_diseno_vs_eficacia.md,20_evidencia/E04_config/lynis-report.dat,Revisado contra criterio PT04
S04-0262,Lynis,Media,FINT-4350,FINT-4350 · Install a file integrity tool to monitor changes to critical and sensitive files · - · - ·,A.8.16 Monitoring activities,DSS05.07,No seleccionado; ver PT04_diseno_vs_eficacia.md,20_evidencia/E04_config/lynis-report.dat,Revisado contra criterio PT04
S04-0263,Lynis,Media,FIRE-4590,FIRE-4590 · Configure a firewall/packet filter to filter incoming and outgoing traffic · - · - ·,A.8.20 Networks security,DSS05.02,No seleccionado; ver PT04_diseno_vs_eficacia.md,20_evidencia/E04_config/lynis-report.dat,Revisado contra criterio PT04
S04-0264,Lynis,Media,HRDN-7230,"HRDN-7230 · Harden the system by installing at least one malware scanner, to perform periodic file system scans · - · Install a tool like rkhunter, chkrootkit, OSSEC, Wazuh ·",A.8.2 Privileged access rights,DSS05.04,No seleccionado; ver PT04_diseno_vs_eficacia.md,20_evidencia/E04_config/lynis-report.dat,Revisado contra criterio PT04
S04-0265,Lynis,Media,KRNL-5820,"KRNL-5820 · If not required, consider explicit disabling of core dump in /etc/security/limits.conf file · - · - ·",A.8.9 Configuration management,BAI10.02,No seleccionado; ver PT04_diseno_vs_eficacia.md,20_evidencia/E04_config/lynis-report.dat,Revisado contra criterio PT04
S04-0266,Lynis,Media,KRNL-6000,KRNL-6000 · One or more sysctl values differ from the scan profile and could be tweaked · · Change sysctl value or disable test (skip-test=KRNL-6000:<sysctl-key>) ·,A.8.9 Configuration management,BAI10.02,No seleccionado; ver PT04_diseno_vs_eficacia.md,20_evidencia/E04_config/lynis-report.dat,Revisado contra criterio PT04
S04-0267,Lynis,Media,LOGG-2146,LOGG-2146 · Check if log files are properly rotated · - · - ·,A.8.15 Logging,DSS01.03,No seleccionado; ver PT04_diseno_vs_eficacia.md,20_evidencia/E04_config/lynis-report.dat,Revisado contra criterio PT04
S04-0268,Lynis,Media,LOGG-2154,LOGG-2154 · Enable logging to an external logging host for archiving purposes and additional protection · - · - ·,A.8.15 Logging,DSS01.03,No seleccionado; ver PT04_diseno_vs_eficacia.md,20_evidencia/E04_config/lynis-report.dat,Revisado contra criterio PT04
S04-0269,Lynis,Media,NAME-4028,NAME-4028 · Check DNS configuration for the dns domain name · - · - ·,A.8.9 Configuration management,BAI10.02,No seleccionado; ver PT04_diseno_vs_eficacia.md,20_evidencia/E04_config/lynis-report.dat,Revisado contra criterio PT04
S04-0270,Lynis,Media,NETW-3200,NETW-3200 · Determine if protocol 'dccp' is really needed on this system · - · - ·,A.8.20 Networks security,DSS05.02,No seleccionado; ver PT04_diseno_vs_eficacia.md,20_evidencia/E04_config/lynis-report.dat,Revisado contra criterio PT04
S04-0271,Lynis,Media,NETW-3200,NETW-3200 · Determine if protocol 'rds' is really needed on this system · - · - ·,A.8.20 Networks security,DSS05.02,No seleccionado; ver PT04_diseno_vs_eficacia.md,20_evidencia/E04_config/lynis-report.dat,Revisado contra criterio PT04
S04-0272,Lynis,Media,NETW-3200,NETW-3200 · Determine if protocol 'sctp' is really needed on this system · - · - ·,A.8.20 Networks security,DSS05.02,No seleccionado; ver PT04_diseno_vs_eficacia.md,20_evidencia/E04_config/lynis-report.dat,Revisado contra criterio PT04
S04-0273,Lynis,Media,NETW-3200,NETW-3200 · Determine if protocol 'tipc' is really needed on this system · - · - ·,A.8.20 Networks security,DSS05.02,No seleccionado; ver PT04_diseno_vs_eficacia.md,20_evidencia/E04_config/lynis-report.dat,Revisado contra criterio PT04
S04-0274,Lynis,Media,PKGS-7370,PKGS-7370 · Install debsums utility for the verification of packages with known good database. · - · - ·,A.8.8 Management of technical vulnerabilities,DSS05.07,No seleccionado; ver PT04_diseno_vs_eficacia.md,20_evidencia/E04_config/lynis-report.dat,Revisado contra criterio PT04
S04-0275,Lynis,Media,PKGS-7398,PKGS-7398 · Install a package audit tool to determine vulnerable packages · - · - ·,A.8.8 Management of technical vulnerabilities,DSS05.07,No seleccionado; ver PT04_diseno_vs_eficacia.md,20_evidencia/E04_config/lynis-report.dat,Revisado contra criterio PT04
S04-0276,Lynis,Media,PKGS-7420,PKGS-7420 · Consider using a tool to automatically apply upgrades · - · - ·,A.8.8 Management of technical vulnerabilities,DSS05.07,No seleccionado; ver PT04_diseno_vs_eficacia.md,20_evidencia/E04_config/lynis-report.dat,Revisado contra criterio PT04
S04-0277,Lynis,Media,STRG-1846,"STRG-1846 · Disable drivers like firewire storage when not used, to prevent unauthorized storage or data theft · - · - ·",A.7.10 Storage media,DSS05.03,No seleccionado; ver PT04_diseno_vs_eficacia.md,20_evidencia/E04_config/lynis-report.dat,Revisado contra criterio PT04
S04-0278,Lynis,Media,TOOL-5002,TOOL-5002 · Determine if automation tools are present for system management · - · - ·,A.8.9 Configuration management,BAI10.02,No seleccionado; ver PT04_diseno_vs_eficacia.md,20_evidencia/E04_config/lynis-report.dat,Revisado contra criterio PT04
S04-0279,Lynis,Media,USB-1000,"USB-1000 · Disable drivers like USB storage when not used, to prevent unauthorized storage or data theft · - · - ·",A.7.10 Storage media,DSS05.03,No seleccionado; ver PT04_diseno_vs_eficacia.md,20_evidencia/E04_config/lynis-report.dat,Revisado contra criterio PT04
S04-0280,OpenSCAP,Media,xccdf_org.ssgproject.content_rule_account_disable_post_pw_expiration,Regla XCCDF con resultado fail: xccdf_org.ssgproject.content_rule_account_disable_post_pw_expiration,A.5.18 Access rights,DSS05.04,No seleccionado; ver PT04_diseno_vs_eficacia.md,20_evidencia/E04_config/oscap-resultados.xml,Revisado contra criterio PT04
S04-0281,OpenSCAP,Media,xccdf_org.ssgproject.content_rule_accounts_maximum_age_login_defs,Regla XCCDF con resultado fail: xccdf_org.ssgproject.content_rule_accounts_maximum_age_login_defs,A.5.17 Authentication information,DSS05.04,No seleccionado; ver PT04_diseno_vs_eficacia.md,20_evidencia/E04_config/oscap-resultados.xml,Revisado contra criterio PT04
S04-0282,OpenSCAP,Media,xccdf_org.ssgproject.content_rule_accounts_minimum_age_login_defs,Regla XCCDF con resultado fail: xccdf_org.ssgproject.content_rule_accounts_minimum_age_login_defs,A.5.17 Authentication information,DSS05.04,No seleccionado; ver PT04_diseno_vs_eficacia.md,20_evidencia/E04_config/oscap-resultados.xml,Revisado contra criterio PT04
S04-0283,OpenSCAP,Media,xccdf_org.ssgproject.content_rule_accounts_passwords_pam_faillock_deny,Regla XCCDF con resultado fail: xccdf_org.ssgproject.content_rule_accounts_passwords_pam_faillock_deny,A.5.17 Authentication information,DSS05.04,No seleccionado; ver PT04_diseno_vs_eficacia.md,20_evidencia/E04_config/oscap-resultados.xml,Revisado contra criterio PT04
S04-0284,OpenSCAP,Media,xccdf_org.ssgproject.content_rule_accounts_passwords_pam_faillock_interval,Regla XCCDF con resultado fail: xccdf_org.ssgproject.content_rule_accounts_passwords_pam_faillock_interval,A.5.17 Authentication information,DSS05.04,No seleccionado; ver PT04_diseno_vs_eficacia.md,20_evidencia/E04_config/oscap-resultados.xml,Revisado contra criterio PT04
S04-0285,OpenSCAP,Media,xccdf_org.ssgproject.content_rule_accounts_passwords_pam_faillock_unlock_time,Regla XCCDF con resultado fail: xccdf_org.ssgproject.content_rule_accounts_passwords_pam_faillock_unlock_time,A.5.17 Authentication information,DSS05.04,No seleccionado; ver PT04_diseno_vs_eficacia.md,20_evidencia/E04_config/oscap-resultados.xml,Revisado contra criterio PT04
S04-0286,OpenSCAP,Media,xccdf_org.ssgproject.content_rule_accounts_umask_etc_bashrc,Regla XCCDF con resultado fail: xccdf_org.ssgproject.content_rule_accounts_umask_etc_bashrc,A.8.9 Configuration management,BAI10.02,No seleccionado; ver PT04_diseno_vs_eficacia.md,20_evidencia/E04_config/oscap-resultados.xml,Revisado contra criterio PT04
S04-0287,OpenSCAP,Media,xccdf_org.ssgproject.content_rule_accounts_umask_etc_login_defs,Regla XCCDF con resultado fail: xccdf_org.ssgproject.content_rule_accounts_umask_etc_login_defs,A.8.9 Configuration management,BAI10.02,No seleccionado; ver PT04_diseno_vs_eficacia.md,20_evidencia/E04_config/oscap-resultados.xml,Revisado contra criterio PT04
S04-0288,OpenSCAP,Media,xccdf_org.ssgproject.content_rule_accounts_umask_etc_profile,Regla XCCDF con resultado fail: xccdf_org.ssgproject.content_rule_accounts_umask_etc_profile,A.8.9 Configuration management,BAI10.02,No seleccionado; ver PT04_diseno_vs_eficacia.md,20_evidencia/E04_config/oscap-resultados.xml,Revisado contra criterio PT04
S04-0289,OpenSCAP,Media,xccdf_org.ssgproject.content_rule_disable_users_coredumps,Regla XCCDF con resultado fail: xccdf_org.ssgproject.content_rule_disable_users_coredumps,A.8.9 Configuration management,BAI10.02,No seleccionado; ver PT04_diseno_vs_eficacia.md,20_evidencia/E04_config/oscap-resultados.xml,Revisado contra criterio PT04
S04-0290,OpenSCAP,Media,xccdf_org.ssgproject.content_rule_ensure_pam_wheel_group_empty,Regla XCCDF con resultado fail: xccdf_org.ssgproject.content_rule_ensure_pam_wheel_group_empty,A.8.2 Privileged access rights,DSS05.04,No seleccionado; ver PT04_diseno_vs_eficacia.md,20_evidencia/E04_config/oscap-resultados.xml,Revisado contra criterio PT04
S04-0291,OpenSCAP,Media,xccdf_org.ssgproject.content_rule_package_pam_pwquality_installed,Regla XCCDF con resultado fail: xccdf_org.ssgproject.content_rule_package_pam_pwquality_installed,A.5.17 Authentication information,DSS05.04,No seleccionado; ver PT04_diseno_vs_eficacia.md,20_evidencia/E04_config/oscap-resultados.xml,Revisado contra criterio PT04
S04-0292,OpenSCAP,Media,xccdf_org.ssgproject.content_rule_permissions_local_var_log,Regla XCCDF con resultado fail: xccdf_org.ssgproject.content_rule_permissions_local_var_log,A.8.9 Configuration management,BAI10.02,No seleccionado; ver PT04_diseno_vs_eficacia.md,20_evidencia/E04_config/oscap-resultados.xml,Revisado contra criterio PT04
S04-0293,OpenSCAP,Media,xccdf_org.ssgproject.content_rule_set_password_hashing_algorithm_logindefs,Regla XCCDF con resultado fail: xccdf_org.ssgproject.content_rule_set_password_hashing_algorithm_logindefs,A.5.17 Authentication information,DSS05.04,No seleccionado; ver PT04_diseno_vs_eficacia.md,20_evidencia/E04_config/oscap-resultados.xml,Revisado contra criterio PT04
S04-0294,OpenSCAP,Media,xccdf_org.ssgproject.content_rule_use_pam_wheel_group_for_su,Regla XCCDF con resultado fail: xccdf_org.ssgproject.content_rule_use_pam_wheel_group_for_su,A.8.2 Privileged access rights,DSS05.04,No seleccionado; ver PT04_diseno_vs_eficacia.md,20_evidencia/E04_config/oscap-resultados.xml,Revisado contra criterio PT04
